期号,开奖日期,星期,红1,红2,红3,红4,红5,红6,蓝球
2013001,2013-01-01,二,6,8,14,15,24,25,6
2013002,2013-01-03,四,1,16,18,22,28,30,12
2013003,2013-01-06,日,22,23,26,27,28,33,9
2013004,2013-01-08,二,6,10,16,20,27,32,8
2013005,2013-01-10,四,1,13,14,25,31,32,12
2013006,2013-01-13,日,9,10,13,17,22,30,13
2013007,2013-01-15,二,2,9,15,22,26,32,1
2013008,2013-01-17,四,3,8,17,21,25,32,15
2013009,2013-01-20,日,1,4,9,13,16,23,2
2013010,2013-01-22,二,1,9,11,17,32,33,12
2013011,2013-01-24,四,3,12,17,24,27,29,9
2013012,2013-01-27,日,6,14,17,22,28,29,2
2013013,2013-01-29,二,5,6,13,19,22,28,9
2013014,2013-01-31,四,2,4,5,17,19,20,8
2013015,2013-02-03,日,5,6,7,11,13,18,15
2013016,2013-02-05,二,2,5,6,12,14,28,5
2013017,2013-02-07,四,4,6,12,30,31,32,9
2013018,2013-02-17,日,2,8,13,28,29,30,5
2013019,2013-02-19,二,1,2,5,16,20,26,6
2013020,2013-02-21,四,1,7,8,12,16,21,1
2013021,2013-02-24,日,1,6,17,19,26,31,11
2013022,2013-02-26,二,2,4,7,9,15,20,7
2013023,2013-02-28,四,3,6,15,18,30,32,5
2013024,2013-03-03,日,4,5,13,23,27,30,9
2013025,2013-03-05,二,16,17,18,24,25,30,8
2013026,2013-03-07,四,4,11,14,15,22,31,11
2013027,2013-03-10,日,1,2,4,12,21,24,12
2013028,2013-03-12,二,7,8,14,25,26,28,13
2013029,2013-03-14,四,6,7,10,19,23,29,12
2013030,2013-03-17,日,7,14,18,25,26,29,6
2013031,2013-03-19,二,3,13,14,15,21,33,3
2013032,2013-03-21,四,4,21,25,29,30,33,3
2013033,2013-03-24,日,5,6,13,17,19,28,1
2013034,2013-03-26,二,6,15,20,22,26,33,9
2013035,2013-03-28,四,1,14,15,17,26,30,2
2013036,2013-03-31,日,4,5,9,27,29,31,13
2013037,2013-04-02,二,2,15,18,27,28,32,14
2013038,2013-04-04,四,9,10,12,14,15,19,11
2013039,2013-04-07,日,1,2,14,15,24,29,6
2013040,2013-04-09,二,2,4,10,12,17,30,10
2013041,2013-04-11,四,2,10,12,17,23,24,5
2013042,2013-04-14,日,1,8,12,13,15,33,3
2013043,2013-04-16,二,3,6,14,15,17,25,16
2013044,2013-04-18,四,3,5,11,18,26,28,6
2013045,2013-04-21,日,6,7,8,14,23,31,12
2013046,2013-04-23,二,3,16,19,20,24,26,6
2013047,2013-04-25,四,1,8,11,17,27,30,12
2013048,2013-04-28,日,10,13,17,28,30,32,4
2013049,2013-04-30,二,10,13,14,16,21,32,14
2013050,2013-05-02,四,3,7,13,18,22,25,3
2013051,2013-05-05,日,8,12,15,19,28,29,2
2013052,2013-05-07,二,6,7,14,21,22,24,13
2013053,2013-05-09,四,3,12,13,22,30,33,14
2013054,2013-05-12,日,3,4,8,14,21,28,14
2013055,2013-05-14,二,8,18,19,22,27,32,6
2013056,2013-05-16,四,3,12,25,26,28,29,16
2013057,2013-05-19,日,13,16,19,23,26,28,5
2013058,2013-05-21,二,8,11,17,21,23,24,5
2013059,2013-05-23,四,3,10,18,24,27,29,9
2013060,2013-05-26,日,5,7,10,13,19,20,15
2013061,2013-05-28,二,5,6,7,12,13,18,12
2013062,2013-05-30,四,1,6,7,19,22,27,2
2013063,2013-06-02,日,10,15,18,20,23,31,12
2013064,2013-06-04,二,1,9,13,22,25,32,12
2013065,2013-06-06,四,7,18,19,23,29,30,2
2013066,2013-06-09,日,1,3,16,17,20,32,7
2013067,2013-06-11,二,1,4,9,15,22,30,6
2013068,2013-06-13,四,2,7,13,20,25,27,6
2013069,2013-06-16,日,7,16,17,18,30,33,6
2013070,2013-06-18,二,2,3,9,10,28,30,6
2013071,2013-06-20,四,5,12,21,23,26,28,9
2013072,2013-06-23,日,2,8,11,14,19,33,9
2013073,2013-06-25,二,2,9,13,17,20,28,11
2013074,2013-06-27,四,3,6,8,14,19,32,3
2013075,2013-06-30,日,4,6,9,25,30,33,14
2013076,2013-07-02,二,14,23,24,26,29,30,3
2013077,2013-07-04,四,9,14,23,24,26,29,3
2013078,2013-07-07,日,3,5,17,18,26,27,15
2013079,2013-07-09,二,7,13,17,19,22,26,13
2013080,2013-07-11,四,10,11,12,23,28,32,16
2013081,2013-07-14,日,1,4,10,13,21,31,13
2013082,2013-07-16,二,4,13,14,20,22,30,6
2013083,2013-07-18,四,5,6,12,14,19,23,9
2013084,2013-07-21,日,5,7,9,11,20,21,3
2013085,2013-07-23,二,2,8,12,14,16,32,16
2013086,2013-07-25,四,2,4,11,13,16,26,11
2013087,2013-07-28,日,2,13,19,23,24,28,5
2013088,2013-07-30,二,9,15,20,21,22,24,14
2013089,2013-08-01,四,4,8,12,19,21,25,13
2013090,2013-08-04,日,2,5,11,23,24,29,8
2013091,2013-08-06,二,4,14,24,25,28,31,10
2013092,2013-08-08,四,7,11,15,21,26,31,6
2013093,2013-08-11,日,1,2,8,26,29,31,14
2013094,2013-08-13,二,2,4,14,18,20,22,7
2013095,2013-08-15,四,1,6,15,19,28,29,10
2013096,2013-08-18,日,1,2,22,28,29,30,15
2013097,2013-08-20,二,5,14,17,22,23,25,7
2013098,2013-08-22,四,7,15,18,19,20,26,14
2013099,2013-08-25,日,5,11,20,21,26,31,3
2013100,2013-08-27,二,4,8,11,14,16,20,11
2013101,2013-08-29,四,5,7,9,23,27,32,1
2013102,2013-09-01,日,2,4,5,6,8,16,3
2013103,2013-09-03,二,2,4,9,13,18,20,7
2013104,2013-09-05,四,1,2,4,15,17,28,11
2013105,2013-09-08,日,1,11,23,27,31,32,9
2013106,2013-09-10,二,9,11,23,30,31,32,6
2013107,2013-09-12,四,7,9,11,17,28,31,11
2013108,2013-09-15,日,16,21,22,28,31,32,5
2013109,2013-09-17,二,9,23,24,27,29,32,8
2013110,2013-09-19,四,15,17,18,21,29,32,13
2013111,2013-09-22,日,1,2,3,6,8,33,13
2013112,2013-09-24,二,1,6,12,13,22,31,7
2013113,2013-09-26,四,4,7,11,17,24,33,9
2013114,2013-09-29,日,4,6,17,21,23,33,7
2013115,2013-10-01,二,3,12,16,17,18,27,8
2013116,2013-10-03,四,12,15,21,26,32,33,7
2013117,2013-10-06,日,9,12,13,24,27,33,16
2013118,2013-10-08,二,2,3,17,22,32,33,16
2013119,2013-10-10,四,5,15,20,22,26,32,9
2013120,2013-10-13,日,5,6,13,18,23,31,11
2013121,2013-10-15,二,4,5,6,7,25,27,7
2013122,2013-10-17,四,7,10,13,15,26,27,11
2013123,2013-10-20,日,1,2,6,11,17,25,2
2013124,2013-10-22,二,3,9,15,23,25,30,7
2013125,2013-10-24,四,4,6,8,18,25,28,16
2013126,2013-10-27,日,4,10,19,27,31,33,16
2013127,2013-10-29,二,2,3,13,20,22,33,14
2013128,2013-10-31,四,7,13,17,19,25,31,8
2013129,2013-11-03,日,5,6,10,14,27,31,14
2013130,2013-11-05,二,1,3,15,16,31,33,8
2013131,2013-11-07,四,4,6,12,17,19,26,9
2013132,2013-11-10,日,20,21,22,23,25,27,12
2013133,2013-11-12,二,4,7,12,19,22,25,1
2013134,2013-11-14,四,1,17,18,19,25,29,10
2013135,2013-11-17,日,9,23,24,25,29,31,12
2013136,2013-11-19,二,4,6,14,16,18,26,6
2013137,2013-11-21,四,4,17,19,23,24,27,10
2013138,2013-11-24,日,4,15,16,24,27,28,3
2013139,2013-11-26,二,7,8,11,13,21,27,8
2013140,2013-11-28,四,1,5,12,13,21,22,10
2013141,2013-12-01,日,3,4,5,25,30,31,4
2013142,2013-12-03,二,11,12,14,20,22,29,14
2013143,2013-12-05,四,12,18,21,22,27,32,11
2013144,2013-12-08,日,5,7,12,19,27,31,2
2013145,2013-12-10,二,6,10,13,16,23,24,15
2013146,2013-12-12,四,8,20,25,30,32,33,1
2013147,2013-12-15,日,2,15,16,17,19,30,8
2013148,2013-12-17,二,6,11,12,14,17,22,1
2013149,2013-12-19,四,9,18,25,26,30,32,11
2013150,2013-12-22,日,1,15,16,25,26,29,10
2013151,2013-12-24,二,3,9,10,19,28,33,9
2013152,2013-12-26,四,4,6,14,16,18,29,5
2013153,2013-12-29,日,8,11,13,18,28,33,10
2013154,2013-12-31,二,7,11,14,19,24,29,5
2014001,2014-01-02,四,3,9,15,20,27,29,1
2014002,2014-01-05,日,4,21,23,31,32,33,4
2014003,2014-01-07,二,6,10,11,28,30,33,12
2014004,2014-01-09,四,1,4,19,22,24,25,15
2014005,2014-01-12,日,15,18,23,27,32,33,4
2014006,2014-01-14,二,3,4,7,17,21,27,14
2014007,2014-01-16,四,8,10,12,14,18,28,14
2014008,2014-01-19,日,5,14,16,21,29,30,12
2014009,2014-01-21,二,8,9,19,20,25,32,16
2014010,2014-01-23,四,5,7,8,20,31,33,11
2014011,2014-01-26,日,9,10,13,14,21,32,2
2014012,2014-01-28,二,1,8,11,19,21,24,8
2014013,2014-02-09,日,5,9,13,15,17,21,13
2014014,2014-02-11,二,4,9,19,22,25,29,15
2014015,2014-02-13,四,2,11,19,30,32,33,9
2014016,2014-02-16,日,2,3,7,13,21,24,8
2014017,2014-02-18,二,4,6,7,14,25,26,10
2014018,2014-02-20,四,13,17,18,21,30,33,15
2014019,2014-02-23,日,2,10,15,19,20,21,7
2014020,2014-02-25,二,9,14,17,23,24,25,15
2014021,2014-02-27,四,8,10,15,17,22,29,12
2014022,2014-03-02,日,4,6,7,10,21,26,16
2014023,2014-03-04,二,7,9,13,17,21,22,10
2014024,2014-03-06,四,8,10,16,20,23,30,9
2014025,2014-03-09,日,1,5,10,14,16,30,16
2014026,2014-03-11,二,1,2,5,6,11,23,14
2014027,2014-03-13,四,8,10,14,16,30,31,1
2014028,2014-03-16,日,6,16,21,27,30,32,5
2014029,2014-03-18,二,2,7,14,16,21,29,14
2014030,2014-03-20,四,12,18,19,23,24,30,10
2014031,2014-03-23,日,4,10,16,17,21,27,14
2014032,2014-03-25,二,1,2,14,22,29,33,7
2014033,2014-03-27,四,5,13,23,28,32,33,12
2014034,2014-03-30,日,1,3,4,8,25,31,6
2014035,2014-04-01,二,7,8,9,17,32,33,6
2014036,2014-04-03,四,1,7,8,9,11,22,3
2014037,2014-04-06,日,6,13,14,24,25,30,7
2014038,2014-04-08,二,4,7,22,23,24,33,16
2014039,2014-04-10,四,3,11,15,19,20,31,7
2014040,2014-04-13,日,3,4,6,11,12,15,8
2014041,2014-04-15,二,7,11,16,18,21,22,2
2014042,2014-04-17,四,12,15,20,25,28,33,14
2014043,2014-04-20,日,2,5,9,14,24,33,9
2014044,2014-04-22,二,4,9,21,27,28,33,12
2014045,2014-04-24,四,2,4,9,11,19,22,15
2014046,2014-04-27,日,2,10,11,17,18,22,10
2014047,2014-04-29,二,8,10,11,12,19,29,15
2014048,2014-05-01,四,6,9,16,17,24,25,16
2014049,2014-05-04,日,6,7,16,17,23,32,6
2014050,2014-05-06,二,3,17,23,25,26,32,13
2014051,2014-05-08,四,10,16,19,21,23,24,13
2014052,2014-05-11,日,9,13,15,28,30,33,8
2014053,2014-05-13,二,14,17,19,22,26,31,2
2014054,2014-05-15,四,1,4,5,11,29,30,14
2014055,2014-05-18,日,2,9,14,19,21,30,4
2014056,2014-05-20,二,1,11,18,20,28,29,1
2014057,2014-05-22,四,2,4,12,18,23,31,8
2014058,2014-05-25,日,2,3,12,13,14,25,11
2014059,2014-05-27,二,5,8,12,13,23,25,13
2014060,2014-05-29,四,3,5,14,18,25,33,6
2014061,2014-06-01,日,2,14,17,27,28,31,8
2014062,2014-06-03,二,6,9,15,24,25,26,9
2014063,2014-06-05,四,3,8,17,21,22,31,16
2014064,2014-06-08,日,2,9,15,16,29,32,14
2014065,2014-06-10,二,3,4,5,8,10,22,6
2014066,2014-06-12,四,2,5,15,17,18,21,16
2014067,2014-06-15,日,1,6,7,17,18,23,6
2014068,2014-06-17,二,4,12,13,22,27,29,16
2014069,2014-06-19,四,5,12,17,19,25,30,11
2014070,2014-06-22,日,1,7,9,19,28,29,7
2014071,2014-06-24,二,2,4,12,17,22,25,14
2014072,2014-06-26,四,1,3,7,13,19,32,16
2014073,2014-06-29,日,1,12,16,20,30,33,2
2014074,2014-07-01,二,1,3,6,13,30,31,12
2014075,2014-07-03,四,3,9,11,22,27,29,6
2014076,2014-07-06,日,6,10,12,17,18,33,11
2014077,2014-07-08,二,8,9,12,15,19,22,10
2014078,2014-07-10,四,2,3,5,6,9,17,7
2014079,2014-07-13,日,2,7,16,22,27,28,2
2014080,2014-07-15,二,5,14,16,17,25,30,7
2014081,2014-07-17,四,8,14,22,24,27,29,10
2014082,2014-07-20,日,2,4,20,25,26,29,11
2014083,2014-07-22,二,5,6,19,21,23,33,12
2014084,2014-07-24,四,1,6,9,10,13,25,8
2014085,2014-07-27,日,1,2,11,19,23,29,8
2014086,2014-07-29,二,2,4,10,12,14,30,8
2014087,2014-07-31,四,6,18,22,23,32,33,6
2014088,2014-08-03,日,3,6,11,14,16,29,15
2014089,2014-08-05,二,4,6,14,17,27,30,9
2014090,2014-08-07,四,5,9,11,19,24,32,13
2014091,2014-08-10,日,1,5,12,19,27,29,14
2014092,2014-08-12,二,3,13,18,19,22,26,7
2014093,2014-08-14,四,2,8,9,10,20,29,5
2014094,2014-08-17,日,1,10,18,20,23,29,1
2014095,2014-08-19,二,5,6,8,14,22,31,8
2014096,2014-08-21,四,12,14,17,19,22,24,8
2014097,2014-08-24,日,7,13,24,25,27,32,15
2014098,2014-08-26,二,2,13,17,20,29,31,7
2014099,2014-08-28,四,1,5,10,11,13,32,14
2014100,2014-08-31,日,1,6,9,10,14,16,11
2014101,2014-09-02,二,16,18,20,23,24,32,7
2014102,2014-09-04,四,14,16,21,24,28,31,13
2014103,2014-09-07,日,3,8,9,10,18,33,4
2014104,2014-09-09,二,2,6,12,19,27,28,13
2014105,2014-09-11,四,14,16,17,19,27,32,4
2014106,2014-09-14,日,9,14,17,18,21,25,15
2014107,2014-09-16,二,11,14,17,22,25,27,16
2014108,2014-09-18,四,3,8,9,20,23,28,2
2014109,2014-09-21,日,2,5,11,15,19,28,2
2014110,2014-09-23,二,1,8,11,13,19,30,6
2014111,2014-09-25,四,2,8,17,20,22,28,2
2014112,2014-09-28,日,1,15,16,21,24,30,3
2014113,2014-09-30,二,12,14,28,31,32,33,7
2014114,2014-10-02,四,2,7,23,30,32,33,10
2014115,2014-10-05,日,1,9,10,11,13,32,3
2014116,2014-10-07,二,9,10,14,15,19,29,16
2014117,2014-10-09,四,5,10,17,25,28,29,4
2014118,2014-10-12,日,5,7,15,18,26,30,3
2014119,2014-10-14,二,6,13,17,20,26,29,9
2014120,2014-10-16,四,1,7,12,16,23,28,4
2014121,2014-10-19,日,1,2,13,22,28,30,9
2014122,2014-10-21,二,6,9,11,16,20,29,11
2014123,2014-10-23,四,1,6,11,17,28,33,5
2014124,2014-10-26,日,2,17,20,24,31,33,4
2014125,2014-10-28,二,10,11,15,26,31,32,6
2014126,2014-10-30,四,6,11,16,17,22,27,1
2014127,2014-11-02,日,2,10,12,21,23,27,12
2014128,2014-11-04,二,5,7,8,17,18,24,14
2014129,2014-11-06,四,5,8,9,20,28,32,2
2014130,2014-11-09,日,1,2,10,24,30,33,10
2014131,2014-11-11,二,5,17,21,22,28,32,14
2014132,2014-11-13,四,5,6,14,15,18,33,8
2014133,2014-11-16,日,13,14,16,23,30,31,13
2014134,2014-11-18,二,5,16,22,23,26,28,2
2014135,2014-11-20,四,2,4,11,13,25,33,1
2014136,2014-11-23,日,3,16,19,27,31,32,10
2014137,2014-11-25,二,3,6,9,11,25,29,9
2014138,2014-11-27,四,4,6,13,29,31,33,13
2014139,2014-11-30,日,1,14,15,20,25,29,11
2014140,2014-12-02,二,6,10,11,14,17,33,6
2014141,2014-12-04,四,8,9,11,16,21,24,10
2014142,2014-12-07,日,6,21,22,23,25,28,13
2014143,2014-12-09,二,3,12,18,20,25,26,16
2014144,2014-12-11,四,3,5,6,9,10,27,14
2014145,2014-12-14,日,10,12,13,23,26,29,11
2014146,2014-12-16,二,1,6,13,20,29,32,1
2014147,2014-12-18,四,6,7,22,26,31,32,10
2014148,2014-12-21,日,1,2,5,12,15,16,13
2014149,2014-12-23,二,7,9,10,15,19,33,1
2014150,2014-12-25,四,3,8,14,22,24,32,9
2014151,2014-12-28,日,4,5,8,11,21,27,8
2014152,2014-12-30,二,8,13,15,20,21,25,12
2015001,2015-01-01,四,1,7,9,16,20,23,6
2015002,2015-01-04,日,7,15,16,25,28,32,5
2015003,2015-01-06,二,10,15,20,23,24,31,15
2015004,2015-01-08,四,2,14,15,16,23,24,10
2015005,2015-01-11,日,7,10,16,17,18,32,15
2015006,2015-01-13,二,1,10,11,29,31,33,13
2015007,2015-01-15,四,1,7,9,17,20,33,8
2015008,2015-01-18,日,4,7,10,16,20,22,3
2015009,2015-01-20,二,4,7,14,17,21,25,14
2015010,2015-01-22,四,1,2,3,8,21,31,9
2015011,2015-01-25,日,4,14,15,17,18,20,15
2015012,2015-01-27,二,3,5,22,23,29,31,6
2015013,2015-01-29,四,8,9,24,25,26,29,1
2015014,2015-02-01,日,2,12,16,19,27,30,11
2015015,2015-02-03,二,1,7,20,24,25,33,4
2015016,2015-02-05,四,2,6,10,15,17,31,13
2015017,2015-02-08,日,13,18,20,25,27,33,12
2015018,2015-02-10,二,6,9,12,14,28,29,9
2015019,2015-02-12,四,2,6,11,19,25,26,4
2015020,2015-02-15,日,1,4,7,19,22,23,4
2015021,2015-02-17,二,14,15,16,17,27,28,8
2015022,2015-02-26,四,4,7,10,16,23,25,10
2015023,2015-03-01,日,8,9,10,13,29,30,1
2015024,2015-03-03,二,9,11,16,18,23,24,10
2015025,2015-03-05,四,10,11,12,15,27,32,14
2015026,2015-03-08,日,2,13,17,21,22,33,13
2015027,2015-03-10,二,5,7,9,16,26,29,7
2015028,2015-03-12,四,4,7,10,26,27,28,14
2015029,2015-03-15,日,7,14,15,19,21,28,7
2015030,2015-03-17,二,8,11,14,15,16,26,7
2015031,2015-03-19,四,1,5,7,22,26,32,11
2015032,2015-03-22,日,11,14,16,18,29,32,16
2015033,2015-03-24,二,3,6,21,29,31,32,5
2015034,2015-03-26,四,12,13,17,18,20,27,13
2015035,2015-03-29,日,1,8,9,22,24,33,3
2015036,2015-03-31,二,4,6,16,17,26,33,3
2015037,2015-04-02,四,5,7,12,18,28,31,3
2015038,2015-04-05,日,5,6,11,12,14,33,14
2015039,2015-04-07,二,1,13,15,26,29,30,12
2015040,2015-04-09,四,13,16,18,27,30,32,16
2015041,2015-04-12,日,4,9,11,17,21,25,6
2015042,2015-04-14,二,9,10,19,21,23,32,8
2015043,2015-04-16,四,11,12,15,24,26,27,15
2015044,2015-04-19,日,2,3,4,13,14,16,2
2015045,2015-04-21,二,1,5,13,22,30,31,7
2015046,2015-04-23,四,5,7,10,14,23,31,1
2015047,2015-04-26,日,2,3,20,24,26,27,9
2015048,2015-04-28,二,13,16,17,22,25,27,10
2015049,2015-04-30,四,7,12,14,17,20,23,5
2015050,2015-05-03,日,3,9,12,16,17,31,4
2015051,2015-05-05,二,4,10,24,26,28,32,9
2015052,2015-05-07,四,2,4,11,16,25,26,12
2015053,2015-05-10,日,3,7,17,22,32,33,10
2015054,2015-05-12,二,1,2,7,10,22,26,7
2015055,2015-05-14,四,1,10,15,18,19,28,2
2015056,2015-05-17,日,1,7,8,16,18,20,14
2015057,2015-05-19,二,9,20,24,25,26,32,4
2015058,2015-05-21,四,2,9,10,18,19,20,15
2015059,2015-05-24,日,2,6,9,16,25,32,14
2015060,2015-05-26,二,1,3,18,27,31,32,13
2015061,2015-05-28,四,6,18,22,26,32,33,4
2015062,2015-05-31,日,9,14,15,18,21,26,16
2015063,2015-06-02,二,1,7,9,16,22,32,12
2015064,2015-06-04,四,11,12,14,17,23,27,1
2015065,2015-06-07,日,8,10,14,19,26,29,12
2015066,2015-06-09,二,5,8,11,17,24,28,16
2015067,2015-06-11,四,2,5,8,24,25,31,14
2015068,2015-06-14,日,6,15,18,21,26,27,10
2015069,2015-06-16,二,1,13,17,18,23,30,15
2015070,2015-06-18,四,1,7,13,19,21,29,15
2015071,2015-06-21,日,8,18,20,28,29,31,8
2015072,2015-06-23,二,1,3,5,20,21,31,5
2015073,2015-06-25,四,1,2,17,22,26,27,4
2015074,2015-06-28,日,4,7,21,25,26,29,8
2015075,2015-06-30,二,6,11,13,19,21,32,4
2015076,2015-07-02,四,1,9,10,19,23,27,9
2015077,2015-07-05,日,1,6,8,10,13,27,16
2015078,2015-07-07,二,3,7,20,22,26,29,2
2015079,2015-07-09,四,9,14,15,20,26,32,11
2015080,2015-07-12,日,14,17,25,27,28,30,2
2015081,2015-07-14,二,13,20,22,26,28,31,13
2015082,2015-07-16,四,2,8,9,14,28,30,7
2015083,2015-07-19,日,6,7,16,18,29,32,5
2015084,2015-07-21,二,15,18,20,22,28,29,15
2015085,2015-07-23,四,2,8,25,27,28,29,5
2015086,2015-07-26,日,5,6,8,16,18,22,12
2015087,2015-07-28,二,9,15,16,19,20,28,11
2015088,2015-07-30,四,2,12,20,24,29,31,9
2015089,2015-08-02,日,12,14,19,27,28,29,1
2015090,2015-08-04,二,10,12,14,22,25,33,15
2015091,2015-08-06,四,5,7,17,19,22,31,11
2015092,2015-08-09,日,9,15,19,21,26,27,1
2015093,2015-08-11,二,1,3,13,21,25,31,8
2015094,2015-08-13,四,1,4,6,13,16,17,10
2015095,2015-08-16,日,4,15,21,28,30,31,4
2015096,2015-08-18,二,6,16,17,23,24,31,7
2015097,2015-08-20,四,9,12,14,20,26,27,4
2015098,2015-08-23,日,6,9,13,26,27,33,1
2015099,2015-08-25,二,6,7,10,11,14,22,9
2015100,2015-08-27,四,2,3,11,17,19,21,8
2015101,2015-08-30,日,8,16,22,24,28,29,5
2015102,2015-09-01,二,7,9,12,14,21,23,6
2015103,2015-09-03,四,6,8,13,26,30,32,14
2015104,2015-09-06,日,9,18,21,23,25,26,1
2015105,2015-09-08,二,9,10,16,19,20,26,12
2015106,2015-09-10,四,1,3,4,23,31,32,13
2015107,2015-09-13,日,7,14,16,18,21,25,8
2015108,2015-09-15,二,2,12,19,22,24,27,15
2015109,2015-09-17,四,1,8,9,16,32,33,13
2015110,2015-09-20,日,5,7,16,17,22,23,4
2015111,2015-09-22,二,8,14,16,18,20,30,12
2015112,2015-09-24,四,1,3,10,19,20,27,11
2015113,2015-09-27,日,1,5,7,8,19,27,12
2015114,2015-09-29,二,4,7,9,13,21,26,1
2015115,2015-10-01,四,1,7,8,14,24,32,3
2015116,2015-10-04,日,4,6,15,23,26,28,11
2015117,2015-10-06,二,4,11,12,18,26,32,12
2015118,2015-10-08,四,1,4,11,21,23,31,12
2015119,2015-10-11,日,2,8,10,18,23,31,8
2015120,2015-10-13,二,16,21,24,26,27,29,16
2015121,2015-10-15,四,1,3,20,21,28,29,12
2015122,2015-10-18,日,5,7,11,16,22,25,7
2015123,2015-10-20,二,5,8,9,12,22,28,7
2015124,2015-10-22,四,2,3,5,12,18,27,1
2015125,2015-10-25,日,5,13,22,27,30,33,10
2015126,2015-10-27,二,10,11,15,20,23,29,12
2015127,2015-10-29,四,7,10,19,22,27,33,6
2015128,2015-11-01,日,1,3,8,11,22,28,6
2015129,2015-11-03,二,5,8,11,16,18,27,4
2015130,2015-11-05,四,6,14,15,16,17,22,10
2015131,2015-11-08,日,10,12,13,19,22,26,3
2015132,2015-11-10,二,3,5,11,28,30,33,1
2015133,2015-11-12,四,2,3,13,20,22,24,15
2015134,2015-11-15,日,2,5,14,19,27,31,4
2015135,2015-11-17,二,1,12,14,18,26,32,7
2015136,2015-11-19,四,2,5,12,23,28,29,1
2015137,2015-11-22,日,14,22,23,27,28,31,12
2015138,2015-11-24,二,1,2,8,16,19,24,11
2015139,2015-11-26,四,1,10,13,18,25,27,9
2015140,2015-11-29,日,6,20,28,29,30,31,12
2015141,2015-12-01,二,3,8,19,25,27,28,2
2015142,2015-12-03,四,13,17,19,20,22,25,11
2015143,2015-12-06,日,13,15,19,20,21,32,4
2015144,2015-12-08,二,1,4,7,15,28,32,16
2015145,2015-12-10,四,7,8,15,19,20,24,13
2015146,2015-12-13,日,16,17,21,28,30,32,15
2015147,2015-12-15,二,8,9,16,23,24,30,5
2015148,2015-12-17,四,9,13,14,22,26,27,7
2015149,2015-12-20,日,9,10,20,21,22,33,9
2015150,2015-12-22,二,1,3,8,11,29,31,13
2015151,2015-12-24,四,5,6,8,23,31,32,11
2015152,2015-12-27,日,11,18,19,21,29,32,12
2015153,2015-12-29,二,8,11,15,22,27,29,3
2015154,2015-12-31,四,7,9,11,15,18,25,7
2016001,2016-01-03,日,6,13,16,18,20,22,13
2016002,2016-01-05,二,9,14,17,20,24,30,16
2016003,2016-01-07,四,1,10,14,23,26,28,1
2016004,2016-01-10,日,8,10,17,22,25,33,12
2016005,2016-01-12,二,11,14,18,20,31,33,14
2016006,2016-01-14,四,13,16,18,20,28,31,12
2016007,2016-01-17,日,5,12,14,20,27,29,6
2016008,2016-01-19,二,2,15,24,29,32,33,2
2016009,2016-01-21,四,10,14,24,25,27,32,4
2016010,2016-01-24,日,2,4,12,14,19,25,6
2016011,2016-01-26,二,3,8,10,15,22,29,12
2016012,2016-01-28,四,7,12,14,16,27,32,15
2016013,2016-01-31,日,7,12,21,22,26,31,1
2016014,2016-02-02,二,2,8,10,18,20,27,7
2016015,2016-02-04,四,1,2,14,22,25,26,7
2016016,2016-02-14,日,1,20,22,24,25,26,16
2016017,2016-02-16,二,5,6,8,20,22,30,5
2016018,2016-02-18,四,12,13,14,17,21,25,4
2016019,2016-02-21,日,6,13,16,17,23,30,10
2016020,2016-02-23,二,1,2,10,12,22,24,10
2016021,2016-02-25,四,9,11,13,22,24,26,5
2016022,2016-02-28,日,4,9,19,22,23,30,7
2016023,2016-03-01,二,3,6,10,19,25,29,7
2016024,2016-03-03,四,2,5,7,14,18,31,13
2016025,2016-03-06,日,4,11,12,17,24,30,12
2016026,2016-03-08,二,4,9,12,28,30,33,1
2016027,2016-03-10,四,11,13,15,17,19,31,5
2016028,2016-03-13,日,6,8,12,21,25,29,1
2016029,2016-03-15,二,12,15,18,20,21,27,15
2016030,2016-03-17,四,10,14,19,22,25,29,12
2016031,2016-03-20,日,3,8,10,19,26,33,3
2016032,2016-03-22,二,8,12,14,15,21,27,15
2016033,2016-03-24,四,6,17,18,20,27,29,15
2016034,2016-03-27,日,3,15,21,22,23,28,15
2016035,2016-03-29,二,4,13,19,20,26,29,11
2016036,2016-03-31,四,3,4,7,9,20,22,3
2016037,2016-04-03,日,6,15,26,31,32,33,16
2016038,2016-04-05,二,3,12,13,22,28,29,3
2016039,2016-04-07,四,1,3,7,18,19,27,16
2016040,2016-04-10,日,3,13,19,20,23,26,3
2016041,2016-04-12,二,12,17,18,21,22,24,4
2016042,2016-04-14,四,7,14,17,23,26,31,9
2016043,2016-04-17,日,5,14,20,26,30,33,12
2016044,2016-04-19,二,1,3,10,12,18,30,1
2016045,2016-04-21,四,4,9,12,17,30,32,3
2016046,2016-04-24,日,7,20,25,26,27,30,14
2016047,2016-04-26,二,2,5,8,15,17,22,16
2016048,2016-04-28,四,3,8,13,14,15,30,4
2016049,2016-05-01,日,6,8,13,14,22,27,10
2016050,2016-05-03,二,9,12,24,28,29,30,2
2016051,2016-05-05,四,1,2,4,9,15,33,12
2016052,2016-05-08,日,1,6,13,19,24,28,16
2016053,2016-05-10,二,2,8,10,12,29,31,1
2016054,2016-05-12,四,6,11,16,19,28,32,4
2016055,2016-05-15,日,5,6,10,16,22,26,11
2016056,2016-05-17,二,3,4,8,11,16,18,14
2016057,2016-05-19,四,7,12,19,22,23,26,11
2016058,2016-05-22,日,3,5,18,20,24,32,11
2016059,2016-05-24,二,4,11,12,20,25,28,15
2016060,2016-05-26,四,4,5,22,26,29,32,8
2016061,2016-05-29,日,5,6,8,18,20,32,8
2016062,2016-05-31,二,12,13,15,18,19,21,9
2016063,2016-06-02,四,16,17,18,23,28,32,7
2016064,2016-06-05,日,3,12,14,17,19,26,3
2016065,2016-06-07,二,13,16,22,25,26,27,14
2016066,2016-06-09,四,3,7,13,18,19,20,5
2016067,2016-06-12,日,9,13,18,20,27,31,4
2016068,2016-06-14,二,8,19,23,28,31,32,1
2016069,2016-06-16,四,8,10,11,20,21,27,11
2016070,2016-06-19,日,3,6,11,18,23,29,1
2016071,2016-06-21,二,19,21,26,28,29,32,1
2016072,2016-06-23,四,5,16,19,22,24,25,2
2016073,2016-06-26,日,9,11,12,15,16,20,13
2016074,2016-06-28,二,6,10,11,12,20,25,12
2016075,2016-06-30,四,1,3,6,16,29,32,7
2016076,2016-07-03,日,7,8,13,22,30,32,1
2016077,2016-07-05,二,1,9,17,19,20,29,10
2016078,2016-07-07,四,2,4,8,23,26,29,2
2016079,2016-07-10,日,1,3,10,12,24,28,2
2016080,2016-07-12,二,1,16,17,24,25,32,14
2016081,2016-07-14,四,2,6,15,25,30,32,7
2016082,2016-07-17,日,6,12,14,15,17,20,9
2016083,2016-07-19,二,9,16,17,24,30,31,4
2016084,2016-07-21,四,2,4,12,18,24,26,5
2016085,2016-07-24,日,1,12,19,20,21,25,16
2016086,2016-07-26,二,9,10,11,12,15,32,5
2016087,2016-07-28,四,2,3,10,11,14,21,12
2016088,2016-07-31,日,3,14,16,18,25,33,15
2016089,2016-08-02,二,1,3,14,30,31,32,8
2016090,2016-08-04,四,2,13,17,20,21,26,7
2016091,2016-08-07,日,4,8,14,22,23,28,7
2016092,2016-08-09,二,2,13,15,23,24,29,6
2016093,2016-08-11,四,6,9,15,17,25,27,9
2016094,2016-08-14,日,6,7,10,12,18,31,10
2016095,2016-08-16,二,1,5,9,12,18,32,12
2016096,2016-08-18,四,6,13,14,21,22,24,16
2016097,2016-08-21,日,6,13,25,26,28,31,1
2016098,2016-08-23,二,2,8,25,29,31,32,6
2016099,2016-08-25,四,1,11,21,23,27,33,6
2016100,2016-08-28,日,3,10,22,23,27,29,4
2016101,2016-08-30,二,1,3,19,24,32,33,1
2016102,2016-09-01,四,5,8,10,14,17,30,13
2016103,2016-09-04,日,1,5,13,19,24,27,11
2016104,2016-09-06,二,5,9,11,18,30,31,4
2016105,2016-09-08,四,8,10,19,27,28,31,16
2016106,2016-09-11,日,4,5,13,22,25,30,4
2016107,2016-09-13,二,6,11,18,26,27,32,1
2016108,2016-09-15,四,2,3,7,8,19,26,16
2016109,2016-09-18,日,9,11,15,16,27,33,5
2016110,2016-09-20,二,5,7,28,31,32,33,8
2016111,2016-09-22,四,2,4,7,14,15,32,4
2016112,2016-09-25,日,6,12,14,15,18,25,12
2016113,2016-09-27,二,1,11,16,17,20,26,14
2016114,2016-09-29,四,5,16,20,22,27,29,9
2016115,2016-10-02,日,6,8,20,22,26,27,9
2016116,2016-10-04,二,7,18,20,23,27,31,13
2016117,2016-10-06,四,3,10,14,17,28,33,2
2016118,2016-10-09,日,9,14,22,23,31,33,14
2016119,2016-10-11,二,9,19,21,30,31,32,4
2016120,2016-10-13,四,2,5,6,21,25,28,9
2016121,2016-10-16,日,2,3,10,23,25,28,9
2016122,2016-10-18,二,15,22,23,24,28,29,8
2016123,2016-10-20,四,7,9,12,14,20,27,16
2016124,2016-10-23,日,9,15,21,24,27,32,10
2016125,2016-10-25,二,1,6,8,20,27,30,3
2016126,2016-10-27,四,2,6,12,17,18,19,10
2016127,2016-10-30,日,7,12,17,26,29,31,16
2016128,2016-11-01,二,4,9,11,17,26,27,13
2016129,2016-11-03,四,5,6,8,21,31,33,14
2016130,2016-11-06,日,3,17,21,23,27,28,1
2016131,2016-11-08,二,4,10,18,19,25,27,2
2016132,2016-11-10,四,5,8,13,19,27,28,7
2016133,2016-11-13,日,15,16,21,22,27,33,15
2016134,2016-11-15,二,11,12,13,14,18,33,13
2016135,2016-11-17,四,2,8,10,18,20,33,12
2016136,2016-11-20,日,2,7,10,20,27,29,3
2016137,2016-11-22,二,1,6,9,10,15,32,14
2016138,2016-11-24,四,7,16,20,24,25,30,7
2016139,2016-11-27,日,1,6,19,26,28,30,3
2016140,2016-11-29,二,1,2,5,17,26,32,10
2016141,2016-12-01,四,4,13,15,17,21,24,15
2016142,2016-12-04,日,1,10,17,21,23,30,12
2016143,2016-12-06,二,6,9,23,24,25,33,13
2016144,2016-12-08,四,4,10,12,27,32,33,5
2016145,2016-12-11,日,1,3,7,12,19,20,6
2016146,2016-12-13,二,3,7,15,16,17,23,10
2016147,2016-12-15,四,4,14,18,28,31,32,12
2016148,2016-12-18,日,1,2,11,20,26,30,14
2016149,2016-12-20,二,3,20,23,26,32,33,7
2016150,2016-12-22,四,2,4,5,9,13,21,5
2016151,2016-12-25,日,6,11,16,20,22,33,7
2016152,2016-12-27,二,2,8,9,16,20,22,7
2016153,2016-12-29,四,7,9,16,24,25,29,6
2017001,2017-01-01,日,9,11,14,20,25,26,15
2017002,2017-01-03,二,15,19,23,24,25,32,3
2017003,2017-01-05,四,1,4,8,15,27,32,16
2017004,2017-01-08,日,5,13,17,26,27,30,7
2017005,2017-01-10,二,6,11,12,22,23,30,5
2017006,2017-01-12,四,2,4,8,26,29,33,8
2017007,2017-01-15,日,2,4,5,24,26,33,15
2017008,2017-01-17,二,7,13,15,27,28,29,13
2017009,2017-01-19,四,2,6,8,9,15,29,14
2017010,2017-01-22,日,5,8,19,25,28,30,7
2017011,2017-01-24,二,10,11,12,23,26,29,16
2017012,2017-01-26,四,10,11,14,15,16,24,7
2017013,2017-02-05,日,8,11,28,29,31,33,6
2017014,2017-02-07,二,6,8,18,20,23,31,13
2017015,2017-02-09,四,1,8,9,14,17,32,1
2017016,2017-02-12,日,5,8,16,22,27,29,2
2017017,2017-02-14,二,3,7,8,10,22,23,12
2017018,2017-02-16,四,1,2,3,17,25,31,9
2017019,2017-02-19,日,4,6,8,12,23,25,8
2017020,2017-02-21,二,4,8,10,12,31,33,10
2017021,2017-02-23,四,2,5,10,22,32,33,9
2017022,2017-02-26,日,2,6,15,16,18,32,15
2017023,2017-02-28,二,1,3,4,11,18,22,14
2017024,2017-03-02,四,9,21,25,26,29,31,13
2017025,2017-03-05,日,2,15,16,17,22,32,7
2017026,2017-03-07,二,3,10,12,19,27,30,8
2017027,2017-03-09,四,2,4,11,14,27,30,5
2017028,2017-03-12,日,7,8,12,13,22,30,9
2017029,2017-03-14,二,2,15,21,23,25,30,10
2017030,2017-03-16,四,1,7,9,20,23,30,2
2017031,2017-03-19,日,6,10,16,26,27,29,3
2017032,2017-03-21,二,5,8,15,24,27,31,11
2017033,2017-03-23,四,5,7,15,20,23,30,15
2017034,2017-03-26,日,4,7,8,19,32,33,13
2017035,2017-03-28,二,1,6,14,24,28,32,12
2017036,2017-03-30,四,1,2,5,10,24,27,15
2017037,2017-04-02,日,11,15,20,22,25,30,5
2017038,2017-04-04,二,1,4,8,13,24,27,5
2017039,2017-04-06,四,2,4,12,14,17,24,15
2017040,2017-04-09,日,15,19,23,28,29,33,4
2017041,2017-04-11,二,4,10,13,15,22,27,4
2017042,2017-04-13,四,1,2,4,7,10,23,4
2017043,2017-04-16,日,8,13,16,23,27,31,8
2017044,2017-04-18,二,8,16,19,21,31,32,6
2017045,2017-04-20,四,5,7,16,20,21,25,5
2017046,2017-04-23,日,4,13,14,23,26,32,10
2017047,2017-04-25,二,2,5,8,10,32,33,2
2017048,2017-04-27,四,5,8,9,14,15,19,7
2017049,2017-04-30,日,1,8,14,15,20,29,10
2017050,2017-05-02,二,10,12,20,24,27,29,7
2017051,2017-05-04,四,2,5,9,15,24,25,11
2017052,2017-05-07,日,7,8,18,24,29,31,7
2017053,2017-05-09,二,4,9,11,15,29,31,6
2017054,2017-05-11,四,2,3,9,23,28,33,8
2017055,2017-05-14,日,7,12,13,20,24,31,5
2017056,2017-05-16,二,13,14,18,19,21,28,6
2017057,2017-05-18,四,18,20,22,23,30,31,16
2017058,2017-05-21,日,1,9,13,22,28,32,11
2017059,2017-05-23,二,4,8,9,15,19,25,9
2017060,2017-05-25,四,5,10,13,24,26,31,4
2017061,2017-05-28,日,6,7,12,20,26,27,11
2017062,2017-05-30,二,1,7,22,24,26,31,10
2017063,2017-06-01,四,12,16,20,22,25,31,4
2017064,2017-06-04,日,2,10,16,22,24,28,15
2017065,2017-06-06,二,2,5,8,10,12,21,7
2017066,2017-06-08,四,1,4,6,17,19,26,3
2017067,2017-06-11,日,1,3,4,10,18,29,4
2017068,2017-06-13,二,2,6,10,22,30,31,15
2017069,2017-06-15,四,2,11,12,23,29,31,5
2017070,2017-06-18,日,1,6,14,22,25,26,12
2017071,2017-06-20,二,2,3,6,14,31,32,3
2017072,2017-06-22,四,6,11,14,23,26,30,2
2017073,2017-06-25,日,3,6,16,23,26,30,14
2017074,2017-06-27,二,2,6,16,23,30,31,2
2017075,2017-06-29,四,1,3,6,19,21,29,7
2017076,2017-07-02,日,1,4,8,9,14,15,13
2017077,2017-07-04,二,1,2,4,15,17,22,14
2017078,2017-07-06,四,5,7,18,19,22,24,16
2017079,2017-07-09,日,3,7,14,23,25,27,8
2017080,2017-07-11,二,1,12,16,20,22,24,8
2017081,2017-07-13,四,3,5,14,25,26,30,5
2017082,2017-07-16,日,14,18,21,25,28,29,10
2017083,2017-07-18,二,3,8,14,20,24,26,12
2017084,2017-07-20,四,1,5,11,20,22,24,2
2017085,2017-07-23,日,1,5,6,16,25,30,9
2017086,2017-07-25,二,3,5,6,13,20,22,7
2017087,2017-07-27,四,3,6,13,14,19,28,6
2017088,2017-07-30,日,7,9,18,22,23,29,6
2017089,2017-08-01,二,11,12,13,16,23,25,12
2017090,2017-08-03,四,1,7,10,16,22,33,9
2017091,2017-08-06,日,5,7,10,23,28,29,3
2017092,2017-08-08,二,10,18,19,29,32,33,9
2017093,2017-08-10,四,7,8,9,15,22,27,12
2017094,2017-08-13,日,8,11,13,19,28,31,6
2017095,2017-08-15,二,9,10,12,19,22,29,16
2017096,2017-08-17,四,2,6,11,12,19,29,6
2017097,2017-08-20,日,5,10,18,19,30,31,3
2017098,2017-08-22,二,4,19,22,27,30,33,1
2017099,2017-08-24,四,2,5,6,16,28,29,4
2017100,2017-08-27,日,4,7,8,18,23,24,2
2017101,2017-08-29,二,1,4,11,28,31,32,16
2017102,2017-08-31,四,4,8,10,14,18,20,11
2017103,2017-09-03,日,1,21,23,25,31,33,1
2017104,2017-09-05,二,1,14,15,20,23,30,14
2017105,2017-09-07,四,3,6,7,12,25,26,7
2017106,2017-09-10,日,12,15,20,25,27,31,2
2017107,2017-09-12,二,8,9,15,17,30,32,6
2017108,2017-09-14,四,7,12,14,15,17,20,1
2017109,2017-09-17,日,8,14,16,18,21,23,16
2017110,2017-09-19,二,1,3,12,15,19,23,14
2017111,2017-09-21,四,5,10,17,19,29,32,12
2017112,2017-09-24,日,3,10,14,16,22,23,11
2017113,2017-09-26,二,4,6,16,27,29,33,5
2017114,2017-09-28,四,6,12,13,15,18,26,13
2017115,2017-10-01,日,4,10,11,25,30,31,1
2017116,2017-10-03,二,2,14,20,22,30,32,2
2017117,2017-10-05,四,1,2,8,11,14,21,9
2017118,2017-10-08,日,8,9,15,22,30,33,16
2017119,2017-10-10,二,9,16,21,25,26,31,14
2017120,2017-10-12,四,8,10,15,19,23,28,16
2017121,2017-10-15,日,11,18,19,22,24,32,7
2017122,2017-10-17,二,11,20,21,22,24,27,15
2017123,2017-10-19,四,4,5,6,11,21,31,10
2017124,2017-10-22,日,2,6,11,26,28,29,3
2017125,2017-10-24,二,1,14,23,25,29,30,3
2017126,2017-10-26,四,1,16,17,21,27,30,16
2017127,2017-10-29,日,14,15,21,24,27,32,12
2017128,2017-10-31,二,2,6,13,22,29,31,8
2017129,2017-11-02,四,5,6,9,14,21,33,2
2017130,2017-11-05,日,5,13,14,23,25,31,2
2017131,2017-11-07,二,1,7,10,11,26,27,11
2017132,2017-11-09,四,2,3,5,9,13,28,11
2017133,2017-11-12,日,6,15,17,18,23,30,11
2017134,2017-11-14,二,4,5,11,14,28,32,4
2017135,2017-11-16,四,1,6,7,14,18,26,16
2017136,2017-11-19,日,3,7,10,18,21,24,12
2017137,2017-11-21,二,5,10,20,23,26,31,3
2017138,2017-11-23,四,1,17,24,28,32,33,2
2017139,2017-11-26,日,2,14,20,24,28,32,16
2017140,2017-11-28,二,21,22,25,28,29,30,8
2017141,2017-11-30,四,1,6,7,11,13,15,5
2017142,2017-12-03,日,8,13,14,18,23,33,6
2017143,2017-12-05,二,4,6,9,14,20,29,14
2017144,2017-12-07,四,3,14,16,20,31,32,9
2017145,2017-12-10,日,2,6,12,17,25,28,12
2017146,2017-12-12,二,1,19,25,26,27,33,10
2017147,2017-12-14,四,3,7,20,21,25,31,14
2017148,2017-12-17,日,4,7,11,14,29,32,12
2017149,2017-12-19,二,5,8,15,20,27,30,13
2017150,2017-12-21,四,6,14,19,20,21,23,8
2017151,2017-12-24,日,2,5,7,9,11,27,16
2017152,2017-12-26,二,6,10,23,25,26,29,5
2017153,2017-12-28,四,7,11,12,13,18,19,16
2017154,2017-12-31,日,5,9,13,15,18,26,5
2018001,2018-01-02,二,1,8,11,26,28,31,4
2018002,2018-01-04,四,7,18,24,29,31,33,16
2018003,2018-01-07,日,1,14,16,17,20,31,4
2018004,2018-01-09,二,14,18,19,26,30,31,11
2018005,2018-01-11,四,2,20,21,28,31,33,6
2018006,2018-01-14,日,2,7,8,9,17,29,11
2018007,2018-01-16,二,13,14,20,25,27,31,12
2018008,2018-01-18,四,5,9,10,12,17,19,13
2018009,2018-01-21,日,5,10,17,23,26,32,7
2018010,2018-01-23,二,1,8,17,20,21,22,3
2018011,2018-01-25,四,3,10,21,23,27,33,11
2018012,2018-01-28,日,11,12,13,19,26,28,12
2018013,2018-01-30,二,6,8,13,15,22,33,6
2018014,2018-02-01,四,9,12,20,24,28,31,7
2018015,2018-02-04,日,11,15,20,21,26,33,15
2018016,2018-02-06,二,1,11,12,18,25,27,16
2018017,2018-02-08,四,3,6,11,26,30,32,12
2018018,2018-02-11,日,2,12,13,18,25,27,7
2018019,2018-02-13,二,3,11,12,16,21,23,9
2018020,2018-02-22,四,6,9,10,14,28,30,5
2018021,2018-02-25,日,3,4,6,11,23,28,14
2018022,2018-02-27,二,7,14,19,21,22,23,3
2018023,2018-03-01,四,12,15,16,21,26,29,16
2018024,2018-03-04,日,11,19,22,26,31,32,2
2018025,2018-03-06,二,4,13,16,19,21,25,14
2018026,2018-03-08,四,4,7,12,14,26,32,4
2018027,2018-03-11,日,2,7,9,14,18,28,5
2018028,2018-03-13,二,3,8,11,14,18,23,16
2018029,2018-03-15,四,1,2,9,14,22,25,5
2018030,2018-03-18,日,13,14,20,21,25,33,7
2018031,2018-03-20,二,2,16,18,19,27,30,14
2018032,2018-03-22,四,21,22,23,24,25,32,6
2018033,2018-03-25,日,4,19,20,22,28,33,6
2018034,2018-03-27,二,1,5,11,22,23,26,15
2018035,2018-03-29,四,7,10,11,17,23,28,15
2018036,2018-04-01,日,8,17,24,26,28,33,4
2018037,2018-04-03,二,1,6,7,8,27,30,10
2018038,2018-04-05,四,15,23,24,25,28,29,9
2018039,2018-04-08,日,8,12,18,19,23,32,3
2018040,2018-04-10,二,1,3,8,13,18,23,16
2018041,2018-04-12,四,7,8,20,23,24,32,13
2018042,2018-04-15,日,6,10,21,28,29,31,12
2018043,2018-04-17,二,1,4,6,8,21,24,7
2018044,2018-04-19,四,5,9,12,17,27,30,6
2018045,2018-04-22,日,3,4,6,25,26,30,1
2018046,2018-04-24,二,10,13,14,18,20,31,3
2018047,2018-04-26,四,6,7,12,16,22,25,7
2018048,2018-04-29,日,1,12,20,25,30,31,2
2018049,2018-05-01,二,1,3,4,11,19,23,2
2018050,2018-05-03,四,1,2,4,10,18,19,7
2018051,2018-05-06,日,5,7,20,23,27,31,4
2018052,2018-05-08,二,3,5,6,9,15,32,14
2018053,2018-05-10,四,1,4,10,11,14,27,6
2018054,2018-05-13,日,4,6,18,22,25,33,16
2018055,2018-05-15,二,7,9,10,12,22,26,7
2018056,2018-05-17,四,1,3,6,20,21,26,1
2018057,2018-05-20,日,5,15,17,19,20,30,13
2018058,2018-05-22,二,7,12,13,16,26,31,7
2018059,2018-05-24,四,4,6,8,13,22,32,11
2018060,2018-05-27,日,4,8,13,25,30,31,10
2018061,2018-05-29,二,9,10,11,12,18,23,7
2018062,2018-05-31,四,2,18,19,24,25,33,11
2018063,2018-06-03,日,5,6,10,16,20,25,12
2018064,2018-06-05,二,2,5,10,11,17,21,5
2018065,2018-06-07,四,1,4,6,14,28,33,1
2018066,2018-06-10,日,9,16,17,19,22,26,10
2018067,2018-06-12,二,1,4,9,12,15,18,5
2018068,2018-06-14,四,8,10,17,20,27,30,1
2018069,2018-06-17,日,6,13,17,19,23,31,12
2018070,2018-06-19,二,4,9,15,16,19,27,10
2018071,2018-06-21,四,2,5,6,13,16,19,3
2018072,2018-06-24,日,11,16,19,22,25,30,8
2018073,2018-06-26,二,2,9,14,15,16,23,10
2018074,2018-06-28,四,9,11,14,20,27,30,9
2018075,2018-07-01,日,7,9,12,13,22,24,11
2018076,2018-07-03,二,3,7,8,15,29,30,13
2018077,2018-07-05,四,2,5,9,15,20,24,10
2018078,2018-07-08,日,3,10,14,17,18,30,12
2018079,2018-07-10,二,14,15,17,22,24,29,13
2018080,2018-07-12,四,4,7,13,20,29,33,3
2018081,2018-07-15,日,1,2,12,16,20,26,3
2018082,2018-07-17,二,6,12,14,20,22,24,9
2018083,2018-07-19,四,4,9,18,21,32,33,3
2018084,2018-07-22,日,5,6,8,12,22,24,3
2018085,2018-07-24,二,4,10,25,26,30,33,6
2018086,2018-07-26,四,2,7,17,21,23,26,16
2018087,2018-07-29,日,1,5,10,16,18,31,3
2018088,2018-07-31,二,3,5,12,29,30,32,14
2018089,2018-08-02,四,6,9,12,14,18,27,14
2018090,2018-08-05,日,1,2,4,10,14,23,7
2018091,2018-08-07,二,6,11,13,17,25,32,7
2018092,2018-08-09,四,6,10,16,19,24,33,16
2018093,2018-08-12,日,4,18,20,21,29,33,7
2018094,2018-08-14,二,4,7,16,20,24,30,5
2018095,2018-08-16,四,10,11,12,21,26,33,9
2018096,2018-08-19,日,1,5,9,20,28,32,12
2018097,2018-08-21,二,1,2,17,20,25,28,13
2018098,2018-08-23,四,6,10,11,20,29,32,13
2018099,2018-08-26,日,3,7,8,14,25,32,6
2018100,2018-08-28,二,2,11,14,15,29,33,2
2018101,2018-08-30,四,1,3,14,26,29,33,9
2018102,2018-09-02,日,2,6,11,19,21,28,5
2018103,2018-09-04,二,2,9,15,22,23,24,16
2018104,2018-09-06,四,2,3,6,19,25,29,1
2018105,2018-09-09,日,4,5,13,18,19,25,1
2018106,2018-09-11,二,4,18,19,24,25,26,10
2018107,2018-09-13,四,1,2,5,12,20,22,1
2018108,2018-09-16,日,5,13,18,21,26,30,2
2018109,2018-09-18,二,10,11,18,23,31,33,15
2018110,2018-09-20,四,11,13,16,21,22,23,2
2018111,2018-09-23,日,1,7,14,24,25,28,8
2018112,2018-09-25,二,5,8,18,25,26,31,4
2018113,2018-09-27,四,1,6,9,16,25,26,9
2018114,2018-09-30,日,1,7,15,16,20,27,14
2018115,2018-10-02,二,1,13,19,24,26,29,11
2018116,2018-10-04,四,5,14,17,22,23,28,15
2018117,2018-10-07,日,8,11,15,17,23,25,5
2018118,2018-10-09,二,8,12,21,22,27,31,9
2018119,2018-10-11,四,3,13,14,16,25,27,12
2018120,2018-10-14,日,3,4,18,26,27,33,1
2018121,2018-10-16,二,6,8,14,19,23,25,11
2018122,2018-10-18,四,5,7,20,22,30,32,10
2018123,2018-10-21,日,13,21,24,27,31,32,1
2018124,2018-10-23,二,9,13,14,19,22,25,2
2018125,2018-10-25,四,3,10,11,14,15,32,2
2018126,2018-10-28,日,1,6,8,9,14,22,5
2018127,2018-10-30,二,2,5,6,7,11,15,12
2018128,2018-11-01,四,6,7,8,19,22,23,2
2018129,2018-11-04,日,2,4,6,16,18,19,16
2018130,2018-11-06,二,5,12,17,18,24,28,12
2018131,2018-11-08,四,21,22,24,31,32,33,1
2018132,2018-11-11,日,1,2,9,10,15,22,6
2018133,2018-11-13,二,2,4,11,12,18,32,13
2018134,2018-11-15,四,3,16,18,31,32,33,12
2018135,2018-11-18,日,1,3,6,10,11,29,16
2018136,2018-11-20,二,10,12,15,25,26,27,14
2018137,2018-11-22,四,3,5,11,15,20,23,9
2018138,2018-11-25,日,1,10,25,27,30,32,9
2018139,2018-11-27,二,11,18,20,23,31,32,15
2018140,2018-11-29,四,1,15,20,22,25,28,14
2018141,2018-12-02,日,11,14,16,18,24,33,4
2018142,2018-12-04,二,5,8,10,11,27,28,11
2018143,2018-12-06,四,4,6,15,28,32,33,14
2018144,2018-12-09,日,8,13,17,18,20,27,13
2018145,2018-12-11,二,3,9,13,22,23,25,6
2018146,2018-12-13,四,2,10,11,17,18,29,16
2018147,2018-12-16,日,3,15,17,23,27,30,11
2018148,2018-12-18,二,3,6,18,19,21,31,1
2018149,2018-12-20,四,1,7,8,10,12,24,1
2018150,2018-12-23,日,6,8,15,19,20,31,5
2018151,2018-12-25,二,5,15,19,25,26,29,15
2018152,2018-12-27,四,4,14,16,23,28,29,3
2018153,2018-12-30,日,1,7,17,23,25,31,11
2019001,2019-01-01,二,6,10,13,15,32,33,15
2019002,2019-01-03,四,4,5,6,8,9,18,11
2019003,2019-01-06,日,13,17,20,21,22,27,1
2019004,2019-01-08,二,8,12,16,19,26,32,3
2019005,2019-01-10,四,21,22,26,28,31,32,7
2019006,2019-01-13,日,1,5,10,19,26,28,12
2019007,2019-01-15,二,6,10,14,15,19,23,15
2019008,2019-01-17,四,2,6,9,13,28,32,12
2019009,2019-01-20,日,1,7,10,22,31,32,15
2019010,2019-01-22,二,2,4,5,8,11,30,2
2019011,2019-01-24,四,10,13,19,21,24,30,7
2019012,2019-01-27,日,7,10,21,23,31,33,14
2019013,2019-01-29,二,5,7,14,16,18,21,1
2019014,2019-01-31,四,1,2,3,14,19,33,3
2019015,2019-02-03,日,11,15,16,20,24,31,4
2019016,2019-02-12,二,5,7,9,11,19,25,5
2019017,2019-02-14,四,4,5,24,28,30,33,9
2019018,2019-02-17,日,4,11,18,19,26,32,4
2019019,2019-02-19,二,3,11,17,18,24,25,6
2019020,2019-02-21,四,2,12,13,23,27,28,12
2019021,2019-02-24,日,2,5,7,8,20,27,4
2019022,2019-02-26,二,3,7,11,21,30,33,7
2019023,2019-02-28,四,1,10,14,15,18,31,13
2019024,2019-03-03,日,1,8,23,25,28,29,10
2019025,2019-03-05,二,15,16,21,27,30,33,4
2019026,2019-03-07,四,3,13,15,19,20,27,14
2019027,2019-03-10,日,2,6,8,10,11,17,13
2019028,2019-03-12,二,4,19,22,26,29,30,11
2019029,2019-03-14,四,8,11,17,23,32,33,10
2019030,2019-03-17,日,4,5,7,10,12,22,16
2019031,2019-03-19,二,3,13,15,18,21,33,16
2019032,2019-03-21,四,4,8,9,13,28,33,4
2019033,2019-03-24,日,9,15,19,21,23,29,15
2019034,2019-03-26,二,9,11,15,22,24,26,3
2019035,2019-03-28,四,1,5,7,9,10,20,16
2019036,2019-03-31,日,2,10,13,16,23,32,8
2019037,2019-04-02,二,1,7,12,14,18,25,10
2019038,2019-04-04,四,9,12,21,27,29,30,5
2019039,2019-04-07,日,6,7,11,14,27,32,8
2019040,2019-04-09,二,5,6,9,18,23,31,11
2019041,2019-04-11,四,2,9,13,23,24,26,16
2019042,2019-04-14,日,15,17,19,22,25,26,4
2019043,2019-04-16,二,1,6,12,13,24,32,13
2019044,2019-04-18,四,6,14,16,17,23,29,7
2019045,2019-04-21,日,1,6,17,19,27,31,14
2019046,2019-04-23,二,2,12,16,22,25,32,6
2019047,2019-04-25,四,3,11,18,25,30,33,14
2019048,2019-04-28,日,3,7,10,12,18,29,10
2019049,2019-04-30,二,3,10,13,22,23,28,15
2019050,2019-05-02,四,4,6,10,11,21,23,2
2019051,2019-05-05,日,8,9,10,13,15,28,9
2019052,2019-05-07,二,3,6,9,13,16,19,16
2019053,2019-05-09,四,4,16,22,25,29,31,8
2019054,2019-05-12,日,7,10,11,15,24,26,11
2019055,2019-05-14,二,1,6,11,15,19,31,10
2019056,2019-05-16,四,13,14,17,19,21,29,1
2019057,2019-05-19,日,4,5,6,8,13,18,16
2019058,2019-05-21,二,7,8,12,21,23,27,12
2019059,2019-05-23,四,4,5,7,9,16,18,6
2019060,2019-05-26,日,3,4,14,20,23,27,1
2019061,2019-05-28,二,3,17,19,24,27,31,12
2019062,2019-05-30,四,7,13,16,23,26,30,1
2019063,2019-06-02,日,1,14,19,22,29,31,16
2019064,2019-06-04,二,12,20,24,25,30,33,12
2019065,2019-06-06,四,6,9,11,15,20,26,10
2019066,2019-06-09,日,1,14,17,20,22,32,4
2019067,2019-06-11,二,4,6,8,11,30,33,11
2019068,2019-06-13,四,3,14,20,24,26,33,10
2019069,2019-06-16,日,6,11,16,19,21,25,1
2019070,2019-06-18,二,6,15,18,19,24,32,9
2019071,2019-06-20,四,1,8,19,24,29,30,4
2019072,2019-06-23,日,2,9,13,15,22,30,15
2019073,2019-06-25,二,1,2,6,12,16,18,8
2019074,2019-06-27,四,12,21,27,29,31,33,4
2019075,2019-06-30,日,5,8,20,22,31,33,3
2019076,2019-07-02,二,12,15,19,20,29,32,14
2019077,2019-07-04,四,9,11,13,18,21,22,15
2019078,2019-07-07,日,1,17,27,29,31,33,12
2019079,2019-07-09,二,1,3,6,9,19,31,16
2019080,2019-07-11,四,3,6,8,20,24,32,7
2019081,2019-07-14,日,5,24,27,29,31,32,10
2019082,2019-07-16,二,7,16,19,22,24,28,2
2019083,2019-07-18,四,6,15,17,26,28,31,3
2019084,2019-07-21,日,4,8,14,18,20,27,3
2019085,2019-07-23,二,1,4,14,18,24,29,4
2019086,2019-07-25,四,16,22,24,26,28,31,6
2019087,2019-07-28,日,4,5,7,9,21,30,4
2019088,2019-07-30,二,13,14,15,21,23,29,13
2019089,2019-08-01,四,2,4,14,16,20,22,11
2019090,2019-08-04,日,2,3,6,8,14,22,4
2019091,2019-08-06,二,7,10,21,24,29,32,11
2019092,2019-08-08,四,9,17,27,28,32,33,8
2019093,2019-08-11,日,5,7,8,9,20,22,2
2019094,2019-08-13,二,5,10,12,18,19,27,6
2019095,2019-08-15,四,2,5,14,19,21,28,1
2019096,2019-08-18,日,5,7,12,18,27,32,11
2019097,2019-08-20,二,3,5,18,24,25,31,9
2019098,2019-08-22,四,3,11,12,14,17,26,9
2019099,2019-08-25,日,7,14,22,23,27,30,8
2019100,2019-08-27,二,1,4,12,13,30,32,8
2019101,2019-08-29,四,1,4,9,21,31,33,5
2019102,2019-09-01,日,3,8,12,16,20,32,12
2019103,2019-09-03,二,4,12,14,21,27,29,12
2019104,2019-09-05,四,1,5,16,17,18,24,10
2019105,2019-09-08,日,2,13,15,17,26,33,1
2019106,2019-09-10,二,2,14,22,27,30,33,14
2019107,2019-09-12,四,2,6,8,23,27,32,2
2019108,2019-09-15,日,7,13,19,22,25,32,13
2019109,2019-09-17,二,3,6,7,17,28,31,10
2019110,2019-09-19,四,1,18,22,26,27,28,8
2019111,2019-09-22,日,7,18,20,22,24,33,1
2019112,2019-09-24,二,3,12,14,17,23,27,1
2019113,2019-09-26,四,1,5,19,21,25,33,15
2019114,2019-09-29,日,2,4,9,11,12,30,1
2019115,2019-10-08,二,4,10,11,14,15,29,5
2019116,2019-10-10,四,1,8,9,13,16,33,1
2019117,2019-10-13,日,3,5,11,28,32,33,1
2019118,2019-10-15,二,12,14,15,25,28,31,4
2019119,2019-10-17,四,4,20,22,24,26,33,7
2019120,2019-10-20,日,10,12,27,31,32,33,3
2019121,2019-10-22,二,2,6,15,21,30,31,2
2019122,2019-10-24,四,4,10,15,19,21,23,2
2019123,2019-10-27,日,2,6,8,17,28,30,6
2019124,2019-10-29,二,4,9,30,31,32,33,1
2019125,2019-10-31,四,2,11,12,26,27,29,3
2019126,2019-11-03,日,2,14,17,29,32,33,16
2019127,2019-11-05,二,2,6,7,12,17,24,10
2019128,2019-11-07,四,3,8,12,16,17,19,8
2019129,2019-11-10,日,3,4,7,9,15,26,7
2019130,2019-11-12,二,1,7,9,11,24,32,16
2019131,2019-11-14,四,9,17,19,20,24,31,4
2019132,2019-11-17,日,4,6,11,14,19,33,7
2019133,2019-11-19,二,3,7,16,21,24,31,7
2019134,2019-11-21,四,1,4,6,22,29,30,3
2019135,2019-11-24,日,3,6,10,11,27,33,3
2019136,2019-11-26,二,12,14,15,17,29,33,12
2019137,2019-11-28,四,7,10,13,19,23,31,6
2019138,2019-12-01,日,2,6,12,30,31,32,11
2019139,2019-12-03,二,8,14,20,23,30,33,11
2019140,2019-12-05,四,2,4,9,11,14,22,5
2019141,2019-12-08,日,10,13,14,15,17,33,14
2019142,2019-12-10,二,8,14,24,27,29,33,9
2019143,2019-12-12,四,5,13,15,16,26,32,9
2019144,2019-12-15,日,2,12,15,19,27,30,3
2019145,2019-12-17,二,1,8,13,17,18,19,16
2019146,2019-12-19,四,1,4,10,12,30,32,14
2019147,2019-12-22,日,1,9,12,14,23,27,12
2019148,2019-12-24,二,9,10,13,20,26,27,8
2019149,2019-12-26,四,1,6,27,28,31,33,7
2019150,2019-12-29,日,2,9,14,22,27,29,2
2019151,2019-12-31,二,2,6,9,18,24,26,14
2020001,2020-01-02,四,2,15,23,26,29,30,2
2020002,2020-01-05,日,4,9,14,15,16,29,11
2020003,2020-01-07,二,9,17,26,29,30,32,3
2020004,2020-01-09,四,2,15,17,27,32,33,3
2020005,2020-01-12,日,11,16,17,22,26,32,4
2020006,2020-01-14,二,3,4,5,10,16,32,9
2020007,2020-01-16,四,5,12,17,20,25,31,10
2020008,2020-01-19,日,1,4,6,10,11,28,16
2020009,2020-01-21,二,3,6,8,14,19,26,12
2020010,2020-03-12,四,11,14,22,27,31,32,9
2020011,2020-03-15,日,4,5,7,17,18,29,1
2020012,2020-03-17,二,4,13,14,23,26,31,9
2020013,2020-03-19,四,2,8,10,20,21,30,14
2020014,2020-03-22,日,2,7,8,10,12,16,7
2020015,2020-03-24,二,8,9,22,24,30,33,1
2020016,2020-03-26,四,5,6,8,17,24,27,7
2020017,2020-03-29,日,2,4,7,15,20,27,4
2020018,2020-03-31,二,5,7,8,11,17,22,13
2020019,2020-04-02,四,15,19,27,28,30,33,3
2020020,2020-04-05,日,1,6,9,13,15,22,14
2020021,2020-04-07,二,2,6,14,16,27,31,7
2020022,2020-04-09,四,2,10,20,22,25,30,2
2020023,2020-04-12,日,4,5,20,21,30,33,8
2020024,2020-04-14,二,10,13,27,28,29,31,8
2020025,2020-04-16,四,1,9,10,15,20,29,2
2020026,2020-04-19,日,1,4,9,18,19,31,6
2020027,2020-04-21,二,12,13,14,24,25,28,6
2020028,2020-04-23,四,5,6,15,18,26,32,8
2020029,2020-04-26,日,1,12,18,20,30,32,5
2020030,2020-04-28,二,17,18,21,29,30,32,3
2020031,2020-04-30,四,2,5,9,15,16,27,9
2020032,2020-05-03,日,3,11,13,14,15,26,13
2020033,2020-05-05,二,7,10,12,21,31,32,1
2020034,2020-05-07,四,2,8,15,16,26,32,3
2020035,2020-05-10,日,10,14,24,25,28,33,11
2020036,2020-05-12,二,7,9,16,22,24,32,6
2020037,2020-05-14,四,1,4,11,13,17,24,15
2020038,2020-05-17,日,1,6,7,18,23,24,15
2020039,2020-05-19,二,2,9,10,11,16,29,2
2020040,2020-05-21,四,1,6,12,16,19,21,4
2020041,2020-05-24,日,6,7,16,22,24,25,13
2020042,2020-05-26,二,2,6,7,11,14,31,3
2020043,2020-05-28,四,1,11,24,25,27,30,7
2020044,2020-05-31,日,7,8,16,17,19,24,7
2020045,2020-06-02,二,2,3,15,21,22,33,16
2020046,2020-06-04,四,13,19,25,26,27,32,8
2020047,2020-06-07,日,4,10,17,19,28,32,1
2020048,2020-06-09,二,12,14,18,23,30,32,2
2020049,2020-06-11,四,1,7,9,12,18,22,4
2020050,2020-06-14,日,4,9,17,20,32,33,15
2020051,2020-06-16,二,3,6,8,11,19,28,8
2020052,2020-06-18,四,2,8,13,29,32,33,15
2020053,2020-06-21,日,2,14,15,16,32,33,1
2020054,2020-06-23,二,3,10,19,25,26,31,2
2020055,2020-06-25,四,1,5,7,23,28,30,12
2020056,2020-06-28,日,2,5,8,12,26,31,14
2020057,2020-06-30,二,9,14,21,23,26,32,3
2020058,2020-07-02,四,1,3,11,12,19,26,7
2020059,2020-07-05,日,2,4,10,17,22,25,14
2020060,2020-07-07,二,5,9,14,20,24,30,8
2020061,2020-07-09,四,8,17,24,26,27,31,4
2020062,2020-07-12,日,10,14,17,22,26,27,5
2020063,2020-07-14,二,12,15,16,22,29,32,14
2020064,2020-07-16,四,1,3,7,21,27,32,1
2020065,2020-07-19,日,9,15,18,21,23,26,8
2020066,2020-07-21,二,2,9,13,17,26,28,7
2020067,2020-07-23,四,4,7,9,23,27,30,8
2020068,2020-07-26,日,12,16,21,26,27,32,10
2020069,2020-07-28,二,3,9,10,13,18,26,4
2020070,2020-07-30,四,1,2,4,6,19,21,15
2020071,2020-08-02,日,9,11,12,13,22,23,8
2020072,2020-08-04,二,6,8,10,15,17,26,4
2020073,2020-08-06,四,5,7,11,13,27,29,3
2020074,2020-08-09,日,4,8,9,13,19,33,12
2020075,2020-08-11,二,3,11,13,20,24,30,16
2020076,2020-08-13,四,10,15,16,18,20,27,6
2020077,2020-08-16,日,3,10,16,21,25,27,12
2020078,2020-08-18,二,3,11,14,16,21,32,4
2020079,2020-08-20,四,5,12,20,21,22,29,14
2020080,2020-08-23,日,14,15,18,22,31,33,1
2020081,2020-08-25,二,1,5,13,14,27,33,15
2020082,2020-08-27,四,2,8,11,17,21,30,9
2020083,2020-08-30,日,1,19,25,26,30,31,12
2020084,2020-09-01,二,3,7,16,17,23,30,7
2020085,2020-09-03,四,1,2,5,9,19,24,16
2020086,2020-09-06,日,2,4,6,15,24,27,6
2020087,2020-09-08,二,11,15,20,23,25,33,10
2020088,2020-09-10,四,1,6,12,26,29,30,12
2020089,2020-09-13,日,2,14,16,21,29,30,10
2020090,2020-09-15,二,2,21,23,26,31,32,6
2020091,2020-09-17,四,1,9,11,12,16,19,16
2020092,2020-09-20,日,1,6,12,18,22,24,3
2020093,2020-09-22,二,4,5,10,13,15,19,15
2020094,2020-09-24,四,10,15,17,27,29,31,8
2020095,2020-09-27,日,3,9,16,17,20,26,2
2020096,2020-09-29,二,1,20,23,26,27,32,15
2020097,2020-10-06,二,2,8,21,25,26,30,10
2020098,2020-10-08,四,6,8,11,22,25,33,2
2020099,2020-10-11,日,5,6,11,12,15,30,12
2020100,2020-10-13,二,1,7,15,16,20,23,7
2020101,2020-10-15,四,10,17,24,25,28,30,15
2020102,2020-10-18,日,9,10,19,25,26,29,8
2020103,2020-10-20,二,4,9,10,22,28,32,8
2020104,2020-10-22,四,4,8,10,16,27,29,9
2020105,2020-10-25,日,6,14,19,20,22,24,1
2020106,2020-10-27,二,2,4,11,15,18,28,10
2020107,2020-10-29,四,3,9,11,24,25,28,16
2020108,2020-11-01,日,10,12,15,17,23,32,5
2020109,2020-11-03,二,6,13,16,20,23,32,13
2020110,2020-11-05,四,2,6,9,14,22,25,4
2020111,2020-11-08,日,6,9,17,22,24,26,16
2020112,2020-11-10,二,2,9,12,17,28,32,5
2020113,2020-11-12,四,1,3,7,10,22,32,11
2020114,2020-11-15,日,1,5,11,24,30,32,3
2020115,2020-11-17,二,1,4,12,20,25,32,2
2020116,2020-11-19,四,5,6,14,16,19,27,10
2020117,2020-11-22,日,7,8,9,10,16,27,7
2020118,2020-11-24,二,11,13,19,26,30,33,5
2020119,2020-11-26,四,1,9,22,28,32,33,15
2020120,2020-11-29,日,1,2,3,4,9,10,12
2020121,2020-12-01,二,2,4,6,21,25,29,3
2020122,2020-12-03,四,12,15,17,24,26,31,15
2020123,2020-12-06,日,1,3,18,19,26,29,3
2020124,2020-12-08,二,16,18,19,20,29,33,12
2020125,2020-12-10,四,5,12,16,26,30,31,13
2020126,2020-12-13,日,3,7,12,14,23,28,11
2020127,2020-12-15,二,1,4,18,19,26,31,7
2020128,2020-12-17,四,8,10,15,16,23,26,10
2020129,2020-12-20,日,1,2,5,15,28,33,4
2020130,2020-12-22,二,8,9,11,14,17,29,16
2020131,2020-12-24,四,8,19,22,26,27,30,7
2020132,2020-12-27,日,1,4,11,12,14,23,4
2020133,2020-12-29,二,3,19,22,23,27,29,7
2020134,2020-12-31,四,2,9,10,20,22,26,1
2021001,2021-01-03,日,2,3,13,18,20,31,11
2021002,2021-01-05,二,6,10,13,25,26,32,11
2021003,2021-01-07,四,6,9,16,18,22,29,11
2021004,2021-01-10,日,2,3,7,8,17,22,15
2021005,2021-01-12,二,7,9,14,26,30,31,4
2021006,2021-01-14,四,6,8,22,24,25,26,1
2021007,2021-01-17,日,2,4,12,21,25,32,16
2021008,2021-01-19,二,1,5,7,14,18,33,7
2021009,2021-01-21,四,2,4,7,24,25,32,13
2021010,2021-01-24,日,1,4,11,19,32,33,5
2021011,2021-01-26,二,5,10,16,23,27,33,14
2021012,2021-01-28,四,3,6,14,18,20,26,1
2021013,2021-01-31,日,6,9,12,16,27,31,6
2021014,2021-02-02,二,4,15,21,25,29,33,6
2021015,2021-02-04,四,6,14,16,26,28,29,7
2021016,2021-02-07,日,3,8,9,13,15,18,10
2021017,2021-02-21,日,9,15,18,29,32,33,2
2021018,2021-02-23,二,2,8,14,23,25,32,6
2021019,2021-02-25,四,12,16,17,24,28,29,8
2021020,2021-02-28,日,1,3,6,7,9,11,2
2021021,2021-03-02,二,4,8,17,24,28,33,13
2021022,2021-03-04,四,10,15,17,25,31,32,6
2021023,2021-03-07,日,2,21,22,23,27,28,11
2021024,2021-03-09,二,1,4,6,10,11,18,2
2021025,2021-03-11,四,6,8,14,17,18,30,11
2021026,2021-03-14,日,3,5,13,19,20,25,3
2021027,2021-03-16,二,5,7,9,16,20,26,8
2021028,2021-03-18,四,11,16,23,26,27,33,5
2021029,2021-03-21,日,8,10,15,17,22,30,12
2021030,2021-03-23,二,8,9,13,27,29,31,5
2021031,2021-03-25,四,6,11,21,25,28,31,7
2021032,2021-03-28,日,1,5,8,15,16,30,3
2021033,2021-03-30,二,2,12,13,14,31,33,6
2021034,2021-04-01,四,4,10,12,18,23,25,1
2021035,2021-04-04,日,12,14,18,20,26,28,11
2021036,2021-04-06,二,1,2,6,11,21,26,11
2021037,2021-04-08,四,13,17,19,24,26,30,12
2021038,2021-04-11,日,5,7,9,16,18,27,6
2021039,2021-04-13,二,2,8,21,24,29,31,13
2021040,2021-04-15,四,2,6,7,24,28,29,16
2021041,2021-04-18,日,2,9,18,23,26,32,14
2021042,2021-04-20,二,5,9,10,22,25,27,8
2021043,2021-04-22,四,2,3,17,18,23,24,1
2021044,2021-04-25,日,5,7,14,17,26,28,13
2021045,2021-04-27,二,1,4,14,15,17,32,2
2021046,2021-04-29,四,5,9,13,21,28,33,6
2021047,2021-05-02,日,3,7,13,16,24,29,1
2021048,2021-05-04,二,4,15,17,22,29,32,3
2021049,2021-05-06,四,4,11,13,22,25,32,1
2021050,2021-05-09,日,2,9,10,16,25,28,8
2021051,2021-05-11,二,8,9,10,19,27,29,15
2021052,2021-05-13,四,3,4,6,19,21,30,14
2021053,2021-05-16,日,7,10,14,16,24,33,16
2021054,2021-05-18,二,7,13,21,22,24,31,2
2021055,2021-05-20,四,3,11,12,16,22,28,10
2021056,2021-05-23,日,8,21,22,23,29,32,1
2021057,2021-05-25,二,5,6,9,17,25,33,16
2021058,2021-05-27,四,9,11,13,18,19,28,14
2021059,2021-05-30,日,1,9,11,18,32,33,14
2021060,2021-06-01,二,10,11,17,20,29,30,15
2021061,2021-06-03,四,4,9,12,18,20,23,1
2021062,2021-06-06,日,12,13,15,20,22,25,10
2021063,2021-06-08,二,4,5,6,9,23,24,9
2021064,2021-06-10,四,4,6,8,15,16,18,16
2021065,2021-06-13,日,1,4,8,19,29,33,16
2021066,2021-06-15,二,2,6,19,26,30,33,15
2021067,2021-06-17,四,1,11,19,23,25,29,9
2021068,2021-06-20,日,4,14,18,24,31,32,15
2021069,2021-06-22,二,6,11,18,20,23,26,5
2021070,2021-06-24,四,1,5,11,15,16,29,15
2021071,2021-06-27,日,1,7,24,31,32,33,8
2021072,2021-06-29,二,1,9,15,16,19,21,15
2021073,2021-07-01,四,1,6,18,22,24,25,8
2021074,2021-07-04,日,4,5,9,14,25,27,7
2021075,2021-07-06,二,12,15,16,21,22,29,1
2021076,2021-07-08,四,3,9,21,23,30,32,6
2021077,2021-07-11,日,8,15,17,25,27,30,10
2021078,2021-07-13,二,4,6,15,26,27,31,12
2021079,2021-07-15,四,1,3,10,24,28,29,13
2021080,2021-07-18,日,5,8,22,23,24,29,9
2021081,2021-07-20,二,1,3,5,18,22,23,1
2021082,2021-07-22,四,3,6,11,13,26,32,5
2021083,2021-07-25,日,4,9,11,25,28,33,4
2021084,2021-07-27,二,5,7,9,11,21,28,1
2021085,2021-07-29,四,5,6,7,11,14,20,2
2021086,2021-08-01,日,6,8,10,14,28,29,1
2021087,2021-08-03,二,2,13,16,19,23,24,4
2021088,2021-08-05,四,4,12,15,16,19,26,6
2021089,2021-08-08,日,1,2,7,13,23,24,12
2021090,2021-08-10,二,5,6,12,14,27,28,8
2021091,2021-08-12,四,4,6,16,24,26,33,16
2021092,2021-08-15,日,2,7,8,10,12,31,3
2021093,2021-08-17,二,5,11,15,23,28,33,3
2021094,2021-08-19,四,9,11,24,25,28,33,15
2021095,2021-08-22,日,8,12,17,24,27,28,13
2021096,2021-08-24,二,1,7,11,14,15,26,11
2021097,2021-08-26,四,3,11,12,13,25,28,12
2021098,2021-08-29,日,1,10,13,18,26,32,5
2021099,2021-08-31,二,9,11,17,18,20,27,15
2021100,2021-09-02,四,7,9,12,13,14,29,16
2021101,2021-09-05,日,2,4,12,22,29,31,1
2021102,2021-09-07,二,5,9,15,24,27,30,9
2021103,2021-09-09,四,10,13,15,25,29,30,15
2021104,2021-09-12,日,1,7,17,20,22,28,15
2021105,2021-09-14,二,10,14,15,22,27,32,9
2021106,2021-09-16,四,1,4,7,14,30,31,3
2021107,2021-09-19,日,2,3,17,19,25,30,1
2021108,2021-09-21,二,11,15,18,24,26,32,9
2021109,2021-09-23,四,2,3,10,17,20,26,16
2021110,2021-09-26,日,10,13,15,24,31,32,2
2021111,2021-09-28,二,17,20,22,23,26,28,6
2021112,2021-09-30,四,5,6,21,25,28,33,7
2021113,2021-10-05,二,4,7,10,22,27,30,2
2021114,2021-10-07,四,4,6,8,14,24,27,2
2021115,2021-10-10,日,2,10,12,15,24,27,8
2021116,2021-10-12,二,6,14,17,18,31,33,6
2021117,2021-10-14,四,3,5,17,21,27,33,4
2021118,2021-10-17,日,2,6,14,18,20,31,13
2021119,2021-10-19,二,3,9,10,11,28,29,13
2021120,2021-10-21,四,1,7,8,12,13,18,5
2021121,2021-10-24,日,4,5,12,16,22,30,15
2021122,2021-10-26,二,4,5,12,15,18,28,7
2021123,2021-10-28,四,6,14,15,19,29,31,5
2021124,2021-10-31,日,1,3,18,22,29,32,2
2021125,2021-11-02,二,14,19,20,23,24,31,9
2021126,2021-11-04,四,19,20,23,27,28,31,1
2021127,2021-11-07,日,7,15,16,20,27,29,7
2021128,2021-11-09,二,5,17,20,21,23,33,4
2021129,2021-11-11,四,4,15,21,27,28,29,10
2021130,2021-11-14,日,8,9,15,24,26,30,6
2021131,2021-11-16,二,8,11,18,19,20,24,1
2021132,2021-11-18,四,1,4,6,14,20,28,8
2021133,2021-11-21,日,1,3,12,19,27,31,10
2021134,2021-11-23,二,1,2,16,19,25,31,8
2021135,2021-11-25,四,3,10,17,19,21,31,4
2021136,2021-11-28,日,2,6,9,15,19,28,16
2021137,2021-11-30,二,3,7,10,14,21,24,1
2021138,2021-12-02,四,11,14,15,16,27,32,9
2021139,2021-12-05,日,12,14,19,23,24,27,1
2021140,2021-12-07,二,5,10,16,26,27,33,1
2021141,2021-12-09,四,1,14,19,23,26,30,10
2021142,2021-12-12,日,4,7,17,19,20,24,16
2021143,2021-12-14,二,1,9,11,13,20,29,9
2021144,2021-12-16,四,2,5,13,15,23,26,7
2021145,2021-12-19,日,4,7,10,14,16,26,9
2021146,2021-12-21,二,7,9,21,22,26,32,3
2021147,2021-12-23,四,5,10,11,13,27,28,9
2021148,2021-12-26,日,10,12,15,17,19,20,8
2021149,2021-12-28,二,5,10,15,18,19,32,5
2021150,2021-12-30,四,9,14,20,21,24,26,4
2022001,2022-01-02,日,6,13,15,17,20,21,3
2022002,2022-01-04,二,2,12,21,23,25,31,8
2022003,2022-01-06,四,2,5,16,17,18,30,6
2022004,2022-01-09,日,5,19,24,28,30,32,14
2022005,2022-01-11,二,7,10,12,16,19,31,16
2022006,2022-01-13,四,3,6,9,15,22,31,2
2022007,2022-01-16,日,1,20,22,23,25,28,16
2022008,2022-01-18,二,2,3,7,9,20,21,13
2022009,2022-01-20,四,4,15,17,19,25,28,16
2022010,2022-01-23,日,12,18,19,20,21,32,15
2022011,2022-01-25,二,6,15,23,24,25,33,15
2022012,2022-01-27,四,4,7,8,29,30,31,1
2022013,2022-02-08,二,2,3,4,7,10,18,15
2022014,2022-02-10,四,6,7,13,14,15,27,4
2022015,2022-02-13,日,6,14,16,27,28,31,7
2022016,2022-02-15,二,5,10,19,20,29,31,14
2022017,2022-02-17,四,6,9,24,29,30,32,7
2022018,2022-02-20,日,7,11,16,17,30,32,16
2022019,2022-02-22,二,5,6,14,20,21,25,8
2022020,2022-02-24,四,9,11,14,22,30,32,1
2022021,2022-02-27,日,3,7,22,24,26,31,14
2022022,2022-03-01,二,1,7,11,15,17,19,6
2022023,2022-03-03,四,7,12,17,19,24,25,2
2022024,2022-03-06,日,7,9,10,14,19,24,15
2022025,2022-03-08,二,6,19,24,25,28,32,4
2022026,2022-03-10,四,3,4,10,15,22,24,2
2022027,2022-03-13,日,14,15,18,19,26,32,9
2022028,2022-03-15,二,5,11,20,22,23,29,9
2022029,2022-03-17,四,3,8,10,13,26,32,8
2022030,2022-03-20,日,12,23,24,26,27,30,5
2022031,2022-03-22,二,1,10,11,22,26,32,7
2022032,2022-03-24,四,4,10,11,14,23,32,7
2022033,2022-03-27,日,5,12,19,22,25,26,5
2022034,2022-03-29,二,14,17,26,31,32,33,10
2022035,2022-03-31,四,8,12,13,19,23,25,15
2022036,2022-04-03,日,2,3,14,16,26,31,2
2022037,2022-04-05,二,1,10,13,20,22,32,14
2022038,2022-04-07,四,9,12,13,16,24,32,4
2022039,2022-04-10,日,2,6,7,10,15,20,5
2022040,2022-04-12,二,3,12,14,16,31,33,12
2022041,2022-04-14,四,5,7,21,22,24,29,14
2022042,2022-04-17,日,5,10,11,21,22,30,13
2022043,2022-04-19,二,2,17,20,23,25,27,8
2022044,2022-04-21,四,1,7,8,21,23,29,6
2022045,2022-04-24,日,3,12,17,18,19,28,4
2022046,2022-04-26,二,2,11,24,25,27,30,14
2022047,2022-04-28,四,3,7,8,14,27,30,9
2022048,2022-05-01,日,5,7,17,20,26,31,14
2022049,2022-05-03,二,2,4,7,18,25,26,10
2022050,2022-05-05,四,3,5,8,14,27,33,8
2022051,2022-05-08,日,2,5,11,17,21,33,1
2022052,2022-05-10,二,7,24,27,29,31,32,15
2022053,2022-05-12,四,10,14,18,23,27,33,15
2022054,2022-05-15,日,8,12,21,27,28,33,11
2022055,2022-05-17,二,2,4,9,26,28,33,3
2022056,2022-05-19,四,1,6,11,14,17,26,15
2022057,2022-05-22,日,12,15,20,26,30,33,16
2022058,2022-05-24,二,6,13,14,23,31,33,1
2022059,2022-05-26,四,6,9,18,19,29,33,6
2022060,2022-05-29,日,16,18,19,24,28,32,1
2022061,2022-05-31,二,1,3,16,18,29,33,6
2022062,2022-06-02,四,16,18,20,21,23,33,5
2022063,2022-06-05,日,6,8,9,17,22,31,11
2022064,2022-06-07,二,4,6,12,13,17,31,16
2022065,2022-06-09,四,9,14,18,23,28,31,2
2022066,2022-06-12,日,6,11,14,20,27,30,9
2022067,2022-06-14,二,1,5,13,21,26,29,15
2022068,2022-06-16,四,7,12,15,24,26,29,6
2022069,2022-06-19,日,6,7,13,19,26,29,8
2022070,2022-06-21,二,4,6,9,27,28,33,2
2022071,2022-06-23,四,4,7,15,18,29,33,1
2022072,2022-06-26,日,5,14,15,16,18,32,12
2022073,2022-06-28,二,6,10,14,15,26,29,12
2022074,2022-06-30,四,5,7,15,19,29,33,15
2022075,2022-07-03,日,1,2,4,25,26,30,10
2022076,2022-07-05,二,8,9,10,13,24,29,2
2022077,2022-07-07,四,3,17,18,19,20,27,16
2022078,2022-07-10,日,1,4,5,15,17,31,9
2022079,2022-07-12,二,1,9,15,17,22,23,16
2022080,2022-07-14,四,5,12,15,17,18,27,4
2022081,2022-07-17,日,4,8,11,21,27,30,1
2022082,2022-07-19,二,4,10,11,23,30,32,14
2022083,2022-07-21,四,8,12,13,14,19,20,5
2022084,2022-07-24,日,3,18,23,24,25,32,9
2022085,2022-07-26,二,7,9,14,31,32,33,13
2022086,2022-07-28,四,1,4,8,21,23,24,11
2022087,2022-07-31,日,5,6,9,13,23,25,8
2022088,2022-08-02,二,3,9,15,17,20,22,6
2022089,2022-08-04,四,2,7,15,29,31,33,15
2022090,2022-08-07,日,1,4,25,27,29,30,7
2022091,2022-08-09,二,8,18,20,22,24,28,10
2022092,2022-08-11,四,7,10,16,20,21,27,11
2022093,2022-08-14,日,21,22,24,28,29,32,14
2022094,2022-08-16,二,6,11,13,16,19,31,2
2022095,2022-08-18,四,4,13,14,18,20,28,8
2022096,2022-08-21,日,3,16,17,19,25,33,7
2022097,2022-08-23,二,4,5,10,13,30,31,14
2022098,2022-08-25,四,2,3,4,6,21,33,5
2022099,2022-08-28,日,1,11,23,24,26,32,15
2022100,2022-08-30,二,2,6,7,15,20,21,15
2022101,2022-09-01,四,4,16,18,19,27,28,4
2022102,2022-09-04,日,9,10,12,18,29,32,14
2022103,2022-09-06,二,6,9,12,14,20,28,10
2022104,2022-09-08,四,1,8,19,25,26,31,1
2022105,2022-09-11,日,6,12,13,15,21,23,15
2022106,2022-09-13,二,17,20,22,23,24,31,1
2022107,2022-09-15,四,3,9,11,15,19,28,16
2022108,2022-09-18,日,1,7,13,17,18,31,15
2022109,2022-09-20,二,4,11,13,19,22,33,11
2022110,2022-09-22,四,9,13,15,18,20,28,15
2022111,2022-09-25,日,2,10,11,13,28,31,1
2022112,2022-09-27,二,3,5,8,17,25,31,1
2022113,2022-09-29,四,13,14,20,24,27,29,2
2022114,2022-10-06,四,1,5,15,19,26,29,13
2022115,2022-10-09,日,6,7,18,20,27,29,9
2022116,2022-10-11,二,8,14,26,27,30,33,1
2022117,2022-10-13,四,4,13,17,18,28,29,6
2022118,2022-10-16,日,2,6,7,11,14,33,8
2022119,2022-10-18,二,2,5,15,18,26,27,4
2022120,2022-10-20,四,2,15,19,26,27,29,2
2022121,2022-10-23,日,12,17,22,27,30,31,2
2022122,2022-10-25,二,6,8,17,19,24,28,5
2022123,2022-10-27,四,10,13,16,20,21,25,5
2022124,2022-10-30,日,5,10,13,18,24,26,1
2022125,2022-11-01,二,2,3,7,12,20,31,16
2022126,2022-11-03,四,1,13,15,17,26,33,13
2022127,2022-11-06,日,3,4,9,10,29,33,13
2022128,2022-11-08,二,3,12,18,24,27,29,1
2022129,2022-11-10,四,10,12,14,22,24,27,7
2022130,2022-11-13,日,2,8,15,17,26,28,12
2022131,2022-11-15,二,3,5,10,13,19,29,6
2022132,2022-11-17,四,1,3,18,26,32,33,4
2022133,2022-11-20,日,5,8,16,17,21,25,12
2022134,2022-11-22,二,1,5,14,17,24,31,14
2022135,2022-11-24,四,9,11,13,24,28,32,6
2022136,2022-11-27,日,8,10,14,15,18,22,8
2022137,2022-11-29,二,8,21,23,27,28,33,1
2022138,2022-12-01,四,2,14,19,21,25,28,11
2022139,2022-12-04,日,6,7,9,16,17,19,14
2022140,2022-12-06,二,8,9,18,19,20,27,15
2022141,2022-12-08,四,5,12,13,17,20,27,14
2022142,2022-12-11,日,1,3,13,16,21,27,3
2022143,2022-12-13,二,7,8,13,29,30,33,3
2022144,2022-12-15,四,7,20,22,23,31,32,5
2022145,2022-12-18,日,3,21,25,30,31,33,11
2022146,2022-12-20,二,6,7,13,18,26,31,6
2022147,2022-12-22,四,2,3,7,13,20,30,10
2022148,2022-12-25,日,2,15,16,17,21,31,14
2022149,2022-12-27,二,2,22,26,29,32,33,14
2022150,2022-12-29,四,1,7,11,12,22,28,5
2023001,2023-01-01,日,9,16,18,22,28,32,2
2023002,2023-01-03,二,2,6,10,16,18,22,13
2023003,2023-01-05,四,5,8,18,25,30,32,6
2023004,2023-01-08,日,1,7,15,16,20,25,16
2023005,2023-01-10,二,2,6,8,13,14,19,16
2023006,2023-01-12,四,2,10,12,14,24,26,5
2023007,2023-01-15,日,5,6,9,22,25,31,3
2023008,2023-01-17,二,5,13,18,20,26,28,6
2023009,2023-01-29,日,3,4,19,23,30,32,6
2023010,2023-01-31,二,4,5,13,18,27,29,12
2023011,2023-02-02,四,6,7,16,17,21,22,4
2023012,2023-02-05,日,3,4,7,22,26,30,6
2023013,2023-02-07,二,6,10,14,22,23,33,13
2023014,2023-02-09,四,6,7,18,23,27,30,5
2023015,2023-02-12,日,2,3,14,21,29,32,8
2023016,2023-02-14,二,14,16,19,23,28,30,3
2023017,2023-02-16,四,5,11,18,20,26,28,12
2023018,2023-02-19,日,10,12,17,19,25,31,13
2023019,2023-02-21,二,6,12,26,28,29,32,15
2023020,2023-02-23,四,1,12,17,18,26,27,5
2023021,2023-02-26,日,2,5,6,19,21,27,4
2023022,2023-02-28,二,10,11,18,19,23,31,3
2023023,2023-03-02,四,5,8,10,15,24,25,9
2023024,2023-03-05,日,3,6,9,17,27,28,3
2023025,2023-03-07,二,4,16,20,21,31,32,14
2023026,2023-03-09,四,1,18,26,30,31,33,3
2023027,2023-03-12,日,8,10,22,27,32,33,8
2023028,2023-03-14,二,5,7,10,17,20,22,14
2023029,2023-03-16,四,3,7,12,24,28,33,8
2023030,2023-03-19,日,2,3,7,16,30,31,6
2023031,2023-03-21,二,7,14,27,29,31,33,5
2023032,2023-03-23,四,6,19,20,26,28,33,1
2023033,2023-03-26,日,8,9,13,23,24,26,5
2023034,2023-03-28,二,2,3,9,11,12,17,15
2023035,2023-03-30,四,1,4,9,10,20,33,6
2023036,2023-04-02,日,13,14,18,19,24,30,9
2023037,2023-04-04,二,8,23,25,26,29,31,12
2023038,2023-04-06,四,2,9,14,17,31,33,8
2023039,2023-04-09,日,2,3,9,13,19,28,9
2023040,2023-04-11,二,9,16,17,24,29,31,8
2023041,2023-04-13,四,1,6,12,13,15,24,6
2023042,2023-04-16,日,10,17,20,23,27,30,10
2023043,2023-04-18,二,5,8,12,20,24,28,10
2023044,2023-04-20,四,2,8,15,22,24,26,16
2023045,2023-04-23,日,3,6,12,21,27,28,4
2023046,2023-04-25,二,6,8,17,25,26,28,3
2023047,2023-04-27,四,5,7,14,23,31,33,7
2023048,2023-04-30,日,2,3,10,24,28,30,8
2023049,2023-05-02,二,5,7,14,23,25,27,2
2023050,2023-05-04,四,2,7,9,14,22,23,5
2023051,2023-05-07,日,22,26,29,30,32,33,14
2023052,2023-05-09,二,3,4,5,8,12,17,6
2023053,2023-05-11,四,1,7,14,20,27,30,15
2023054,2023-05-14,日,5,6,9,10,15,26,12
2023055,2023-05-16,二,3,4,20,23,27,32,13
2023056,2023-05-18,四,8,14,15,18,23,33,8
2023057,2023-05-21,日,2,5,10,17,24,32,3
2023058,2023-05-23,二,10,17,22,26,30,33,11
2023059,2023-05-25,四,2,6,13,22,27,32,6
2023060,2023-05-28,日,9,11,17,19,30,31,11
2023061,2023-05-30,二,1,4,6,11,12,22,15
2023062,2023-06-01,四,11,19,23,24,26,33,15
2023063,2023-06-04,日,4,8,17,20,22,27,13
2023064,2023-06-06,二,1,7,11,12,16,18,4
2023065,2023-06-08,四,2,14,17,20,26,33,14
2023066,2023-06-11,日,2,7,8,10,26,31,6
2023067,2023-06-13,二,1,3,12,19,28,32,14
2023068,2023-06-15,四,11,12,15,18,29,33,2
2023069,2023-06-18,日,12,14,17,20,21,26,2
2023070,2023-06-20,二,3,5,25,31,32,33,4
2023071,2023-06-22,四,5,12,15,19,24,26,6
2023072,2023-06-25,日,2,6,10,24,25,33,9
2023073,2023-06-27,二,1,3,15,16,25,32,10
2023074,2023-06-29,四,2,8,9,18,19,21,3
2023075,2023-07-02,日,13,15,24,28,30,31,1
2023076,2023-07-04,二,3,4,15,18,19,22,9
2023077,2023-07-06,四,7,9,14,22,26,27,1
2023078,2023-07-09,日,6,8,14,19,30,31,8
2023079,2023-07-11,二,5,6,9,12,21,22,7
2023080,2023-07-13,四,1,2,4,9,25,31,8
2023081,2023-07-16,日,1,11,15,16,22,31,15
2023082,2023-07-18,二,4,18,19,24,27,30,16
2023083,2023-07-20,四,7,10,12,16,17,30,12
2023084,2023-07-23,日,9,13,14,17,19,27,3
2023085,2023-07-25,二,11,18,23,24,31,33,13
2023086,2023-07-27,四,8,9,10,22,26,32,12
2023087,2023-07-30,日,2,9,15,17,28,33,1
2023088,2023-08-01,二,1,14,18,26,31,33,5
2023089,2023-08-03,四,8,13,15,27,28,31,11
2023090,2023-08-06,日,1,2,9,26,30,31,7
2023091,2023-08-08,二,16,20,22,26,30,32,16
2023092,2023-08-10,四,3,12,24,25,32,33,13
2023093,2023-08-13,日,10,21,24,25,27,32,7
2023094,2023-08-15,二,6,10,12,14,30,31,12
2023095,2023-08-17,四,3,8,16,17,22,26,11
2023096,2023-08-20,日,8,11,18,26,31,32,15
2023097,2023-08-22,二,1,9,14,19,29,30,15
2023098,2023-08-24,四,2,10,11,14,21,27,11
2023099,2023-08-27,日,9,11,14,19,27,33,5
2023100,2023-08-29,二,5,6,12,15,23,25,4
2023101,2023-08-31,四,1,5,9,15,18,26,4
2023102,2023-09-03,日,1,9,10,13,21,28,10
2023103,2023-09-05,二,5,6,13,24,25,29,15
2023104,2023-09-07,四,10,19,23,25,30,31,12
2023105,2023-09-10,日,1,3,5,26,30,32,16
2023106,2023-09-12,二,7,9,10,20,22,24,7
2023107,2023-09-14,四,3,7,18,25,29,33,14
2023108,2023-09-17,日,1,3,6,8,18,24,9
2023109,2023-09-19,二,6,8,10,13,16,28,13
2023110,2023-09-21,四,2,6,20,25,29,33,16
2023111,2023-09-24,日,5,6,12,17,20,33,9
2023112,2023-09-26,二,9,12,13,22,24,31,4
2023113,2023-09-28,四,1,2,13,18,25,27,3
2023114,2023-10-05,四,7,9,15,16,17,26,9
2023115,2023-10-08,日,2,7,16,21,26,27,16
2023116,2023-10-10,二,2,8,9,13,24,27,12
2023117,2023-10-12,四,2,11,14,17,18,28,8
2023118,2023-10-15,日,1,2,11,19,25,29,4
2023119,2023-10-17,二,1,2,3,19,21,28,15
2023120,2023-10-19,四,3,8,13,24,27,29,8
2023121,2023-10-22,日,2,12,16,25,30,31,12
2023122,2023-10-24,二,7,8,14,18,20,30,5
2023123,2023-10-26,四,10,13,15,22,29,32,15
2023124,2023-10-29,日,2,3,17,18,25,30,11
2023125,2023-10-31,二,11,14,15,27,30,33,4
2023126,2023-11-02,四,10,24,26,28,29,31,16
2023127,2023-11-05,日,3,8,19,22,26,32,14
2023128,2023-11-07,二,7,16,20,21,27,33,1
2023129,2023-11-09,四,8,9,12,17,32,33,4
2023130,2023-11-12,日,4,10,17,22,23,32,16
2023131,2023-11-14,二,6,7,14,20,26,32,1
2023132,2023-11-16,四,3,9,11,15,25,27,1
2023133,2023-11-19,日,4,5,10,14,22,25,3
2023134,2023-11-21,二,5,8,9,17,22,33,4
2023135,2023-11-23,四,5,6,11,13,28,30,7
2023136,2023-11-26,日,3,5,10,21,22,26,10
2023137,2023-11-28,二,3,12,17,19,23,27,11
2023138,2023-11-30,四,3,22,28,30,31,33,4
2023139,2023-12-03,日,12,14,19,21,27,31,11
2023140,2023-12-05,二,3,4,11,14,30,31,5
2023141,2023-12-07,四,1,8,11,12,21,23,3
2023142,2023-12-10,日,2,8,20,21,27,33,14
2023143,2023-12-12,二,5,7,9,16,23,30,15
2023144,2023-12-14,四,12,16,17,22,25,27,8
2023145,2023-12-17,日,7,10,21,22,23,24,11
2023146,2023-12-19,二,2,3,6,11,20,32,9
2023147,2023-12-21,四,5,6,14,16,19,32,12
2023148,2023-12-24,日,3,5,7,9,19,20,8
2023149,2023-12-26,二,2,10,19,24,26,33,15
2023150,2023-12-28,四,10,17,25,26,30,33,5
2023151,2023-12-31,日,1,15,16,20,25,27,5
2024001,2024-01-02,二,3,7,16,26,27,32,16
2024002,2024-01-04,四,4,9,10,17,19,20,9
2024003,2024-01-07,日,1,5,8,13,32,33,3
2024004,2024-01-09,二,9,13,17,18,21,27,4
2024005,2024-01-11,四,5,6,20,23,25,32,3
2024006,2024-01-14,日,7,18,20,21,26,32,5
2024007,2024-01-16,二,4,5,6,7,20,22,15
2024008,2024-01-18,四,8,20,21,23,27,30,13
2024009,2024-01-21,日,1,4,7,10,17,23,14
2024010,2024-01-23,二,11,16,20,21,23,24,4
2024011,2024-01-25,四,8,12,16,20,27,31,6
2024012,2024-01-28,日,1,3,7,18,22,28,15
2024013,2024-01-30,二,1,7,10,14,21,25,7
2024014,2024-02-01,四,1,2,10,22,24,25,13
2024015,2024-02-04,日,3,8,17,18,20,30,15
2024016,2024-02-06,二,7,12,20,24,32,33,4
2024017,2024-02-18,日,4,17,19,20,25,32,4
2024018,2024-02-20,二,6,15,17,24,28,29,16
2024019,2024-02-22,四,5,11,12,16,17,20,8
2024020,2024-02-25,日,3,8,12,14,17,33,8
2024021,2024-02-27,二,4,6,16,17,23,24,11
2024022,2024-02-29,四,2,9,11,14,18,26,6
2024023,2024-03-03,日,1,10,22,25,28,32,10
2024024,2024-03-05,二,3,7,21,24,26,30,10
2024025,2024-03-07,四,8,15,21,22,25,33,13
2024026,2024-03-10,日,4,7,18,19,20,25,6
2024027,2024-03-12,二,2,6,13,27,28,32,13
2024028,2024-03-14,四,3,7,8,11,18,19,5
2024029,2024-03-17,日,12,18,23,25,28,33,4
2024030,2024-03-19,二,1,8,22,25,29,33,10
2024031,2024-03-21,四,9,10,13,25,30,32,2
2024032,2024-03-24,日,1,3,4,11,12,21,16
2024033,2024-03-26,二,6,10,11,18,20,32,5
2024034,2024-03-28,四,2,9,12,19,21,31,4
2024035,2024-03-31,日,5,7,14,17,22,32,6
2024036,2024-04-02,二,2,8,9,12,21,31,2
2024037,2024-04-04,四,1,4,5,6,12,14,13
2024038,2024-04-07,日,8,10,18,23,27,31,2
2024039,2024-04-09,二,2,6,12,29,30,31,10
2024040,2024-04-11,四,11,14,18,19,23,26,2
2024041,2024-04-14,日,2,9,12,22,25,33,16
2024042,2024-04-16,二,2,4,5,14,26,32,14
2024043,2024-04-18,四,4,6,7,14,15,24,8
2024044,2024-04-21,日,2,6,17,25,32,33,6
2024045,2024-04-23,二,2,8,19,23,24,26,3
2024046,2024-04-25,四,2,6,10,11,17,29,15
2024047,2024-04-28,日,7,8,21,26,29,30,15
2024048,2024-04-30,二,2,9,15,19,26,28,2
2024049,2024-05-02,四,12,15,17,23,26,32,11
2024050,2024-05-05,日,1,3,7,10,22,33,2
2024051,2024-05-07,二,5,9,13,20,23,28,6
2024052,2024-05-09,四,7,10,11,15,17,21,3
2024053,2024-05-12,日,7,14,21,22,28,33,7
2024054,2024-05-14,二,8,13,20,25,31,32,3
2024055,2024-05-16,四,2,4,6,7,16,29,3
2024056,2024-05-19,日,5,18,20,24,25,26,6
2024057,2024-05-21,二,3,8,17,18,23,31,8
2024058,2024-05-23,四,8,12,13,17,27,29,13
2024059,2024-05-26,日,1,3,14,25,31,33,7
2024060,2024-05-28,二,1,2,6,10,22,28,15
2024061,2024-05-30,四,1,9,18,22,25,28,2
2024062,2024-06-02,日,1,7,10,16,18,27,16
2024063,2024-06-04,二,7,14,16,23,28,32,4
2024064,2024-06-06,四,6,8,17,18,28,30,5
2024065,2024-06-09,日,3,5,9,10,19,22,14
2024066,2024-06-11,二,8,9,12,22,26,32,13
2024067,2024-06-13,四,1,11,13,17,25,29,3
2024068,2024-06-16,日,1,2,7,19,20,21,1
2024069,2024-06-18,二,6,13,20,21,24,32,6
2024070,2024-06-20,四,4,13,18,20,22,28,5
2024071,2024-06-23,日,2,8,19,28,30,31,14
2024072,2024-06-25,二,1,14,20,21,23,27,6
2024073,2024-06-27,四,3,9,12,18,28,30,1
2024074,2024-06-30,日,7,8,10,22,24,32,7
2024075,2024-07-02,二,3,5,8,18,22,28,1
2024076,2024-07-04,四,3,22,24,27,29,32,15
2024077,2024-07-07,日,1,4,6,14,17,22,8
2024078,2024-07-09,二,5,9,14,21,22,26,12
2024079,2024-07-11,四,2,3,6,7,16,26,4
2024080,2024-07-14,日,6,11,12,27,29,30,13
2024081,2024-07-16,二,1,6,12,17,23,25,4
2024082,2024-07-18,四,1,2,13,16,17,29,16
2024083,2024-07-21,日,3,9,14,29,32,33,15
2024084,2024-07-23,二,1,8,10,13,19,29,13
2024085,2024-07-25,四,1,5,15,21,23,27,15
2024086,2024-07-28,日,17,19,20,23,25,31,2
2024087,2024-07-30,二,3,9,18,19,20,26,11
2024088,2024-08-01,四,3,8,10,17,30,32,10
2024089,2024-08-04,日,3,6,9,15,18,31,1
2024090,2024-08-06,二,7,11,17,24,31,32,12
2024091,2024-08-08,四,13,15,16,19,20,24,10
2024092,2024-08-11,日,3,8,11,12,18,29,5
2024093,2024-08-13,二,1,5,7,11,12,15,12
2024094,2024-08-15,四,6,13,17,22,25,27,9
2024095,2024-08-18,日,4,6,9,14,16,21,3
2024096,2024-08-20,二,2,4,14,18,23,27,13
2024097,2024-08-22,四,4,10,12,13,18,30,3
2024098,2024-08-25,日,3,8,10,20,30,31,2
2024099,2024-08-27,二,4,12,17,24,26,27,16
2024100,2024-08-29,四,13,14,19,20,27,30,5
2024101,2024-09-01,日,8,12,15,17,19,30,8
2024102,2024-09-03,二,9,15,18,21,22,25,1
2024103,2024-09-05,四,12,21,23,27,32,33,15
2024104,2024-09-08,日,5,16,23,24,26,29,4
2024105,2024-09-10,二,2,5,17,19,29,33,4
2024106,2024-09-12,四,3,8,11,22,31,33,4
2024107,2024-09-15,日,1,6,8,13,17,19,9
2024108,2024-09-17,二,1,8,9,23,24,30,8
2024109,2024-09-19,四,3,4,24,28,29,33,9
2024110,2024-09-22,日,4,13,17,23,25,33,14
2024111,2024-09-24,二,1,4,11,12,22,30,16
2024112,2024-09-26,四,8,11,16,25,29,32,3
2024113,2024-09-29,日,4,5,23,24,26,31,11
2024114,2024-10-06,日,7,11,18,24,27,32,4
2024115,2024-10-08,二,3,10,11,19,27,28,7
2024116,2024-10-10,四,1,15,20,22,31,32,3
2024117,2024-10-13,日,3,12,14,16,29,32,12
2024118,2024-10-15,二,2,3,4,6,11,15,14
2024119,2024-10-17,四,2,9,26,27,31,32,14
2024120,2024-10-20,日,1,5,7,11,18,19,7
2024121,2024-10-22,二,1,7,10,13,27,33,3
2024122,2024-10-24,四,5,7,9,16,17,29,15
2024123,2024-10-27,日,2,15,22,26,30,33,4
2024124,2024-10-29,二,2,14,15,17,25,30,11
2024125,2024-10-31,四,1,4,13,18,26,30,3
2024126,2024-11-03,日,14,18,23,24,26,33,10
2024127,2024-11-05,二,2,5,13,20,27,32,10
2024128,2024-11-07,四,1,8,13,18,20,26,16
2024129,2024-11-10,日,9,10,13,19,24,32,1
2024130,2024-11-12,二,1,8,12,17,19,24,16
2024131,2024-11-14,四,4,5,11,15,20,32,13
2024132,2024-11-17,日,1,4,25,27,28,33,3
2024133,2024-11-19,二,1,11,15,27,30,33,1
2024134,2024-11-21,四,2,4,13,16,18,20,16
2024135,2024-11-24,日,5,11,17,18,30,31,13
2024136,2024-11-26,二,3,11,15,21,25,26,3
2024137,2024-11-28,四,4,9,10,19,26,27,12
2024138,2024-12-01,日,2,7,11,21,27,28,2
2024139,2024-12-03,二,15,16,20,22,23,29,14
2024140,2024-12-05,四,4,7,8,17,22,26,15
2024141,2024-12-08,日,1,2,7,15,24,29,12
2024142,2024-12-10,二,4,6,13,21,22,25,6
2024143,2024-12-12,四,2,5,11,22,30,33,10
2024144,2024-12-15,日,2,9,11,17,20,30,11
2024145,2024-12-17,二,1,3,16,22,23,30,3
2024146,2024-12-19,四,2,4,11,22,27,32,10
2024147,2024-12-22,日,5,11,13,16,21,30,10
2024148,2024-12-24,二,2,6,15,16,21,23,11
2024149,2024-12-26,四,3,9,16,17,18,22,16
2024150,2024-12-29,日,13,14,20,22,26,32,2
2024151,2024-12-31,二,5,10,16,19,29,32,4
2025001,2025-01-02,四,2,3,17,18,22,33,16
2025002,2025-01-05,日,9,12,13,15,22,26,11
2025003,2025-01-07,二,10,19,20,26,28,29,15
2025004,2025-01-09,四,3,7,17,27,29,32,4
2025005,2025-01-12,日,10,16,19,27,28,30,9
2025006,2025-01-14,二,1,7,8,17,20,22,6
2025007,2025-01-16,四,7,8,14,18,21,27,11
2025008,2025-01-19,日,9,14,16,17,25,33,11
2025009,2025-01-21,二,2,4,11,12,23,25,6
2025010,2025-01-23,四,4,6,7,16,17,21,8
2025011,2025-01-26,日,6,13,17,22,24,29,11
2025012,2025-02-06,四,7,11,13,18,27,31,11
2025013,2025-02-09,日,4,14,16,23,24,30,14
2025014,2025-02-11,二,6,7,9,13,21,27,5
2025015,2025-02-13,四,4,11,15,24,25,33,15
2025016,2025-02-16,日,2,3,12,16,20,29,14
2025017,2025-02-18,二,4,12,15,18,28,29,5
2025018,2025-02-20,四,3,9,18,21,28,29,11
2025019,2025-02-23,日,5,13,17,18,22,23,11
2025020,2025-02-25,二,4,11,13,16,26,30,15
2025021,2025-02-27,四,7,8,16,18,25,32,14
2025022,2025-03-02,日,11,17,18,20,28,30,10
2025023,2025-03-04,二,9,12,13,24,25,33,7
2025024,2025-03-06,四,10,11,22,27,30,32,15
2025025,2025-03-09,日,12,15,21,23,25,30,2
2025026,2025-03-11,二,9,10,12,14,19,32,7
2025027,2025-03-13,四,5,7,8,15,16,23,6
2025028,2025-03-16,日,4,9,14,15,18,25,15
2025029,2025-03-18,二,5,15,16,25,30,33,16
2025030,2025-03-20,四,4,6,7,30,31,33,6
2025031,2025-03-23,日,1,5,6,8,23,28,1
2025032,2025-03-25,二,3,8,10,14,16,21,3
2025033,2025-03-27,四,3,5,18,25,26,33,8
2025034,2025-03-30,日,5,8,13,14,24,26,12
2025035,2025-04-01,二,1,8,16,18,25,31,1
2025036,2025-04-03,四,5,11,13,16,19,32,7
2025037,2025-04-06,日,3,6,11,20,21,31,2
2025038,2025-04-08,二,6,19,20,23,26,33,9
2025039,2025-04-10,四,8,10,12,15,17,23,11
2025040,2025-04-13,日,2,6,8,9,10,24,11
2025041,2025-04-15,二,6,10,17,19,25,31,6
2025042,2025-04-17,四,7,13,19,23,27,33,12
2025043,2025-04-20,日,3,12,16,19,20,32,13
2025044,2025-04-22,二,2,3,7,8,14,28,11
2025045,2025-04-24,四,2,14,19,24,29,33,13
2025046,2025-04-27,日,2,3,10,16,29,33,1
2025047,2025-04-29,二,1,14,21,22,23,31,12
2025048,2025-05-01,四,16,21,22,23,27,31,10
2025049,2025-05-04,日,3,6,19,27,29,33,11
2025050,2025-05-06,二,9,12,15,18,22,33,16
2025051,2025-05-08,四,1,2,3,4,17,22,1
2025052,2025-05-11,日,6,7,10,17,20,26,9
2025053,2025-05-13,二,6,9,10,13,30,33,7
2025054,2025-05-15,四,5,7,10,21,24,27,16
2025055,2025-05-18,日,2,5,22,27,29,33,12
2025056,2025-05-20,二,1,2,10,14,28,31,3
2025057,2025-05-22,四,4,9,15,16,25,30,14
2025058,2025-05-25,日,2,6,7,9,10,20,6
2025059,2025-05-27,二,4,10,11,12,13,24,1
2025060,2025-05-29,四,6,14,18,25,28,30,1
2025061,2025-06-01,日,6,7,9,10,11,32,9
2025062,2025-06-03,二,6,8,9,13,25,31,14
2025063,2025-06-05,四,2,19,21,22,28,30,1
2025064,2025-06-08,日,2,10,13,22,29,33,16
2025065,2025-06-10,二,6,10,13,14,15,20,11
2025066,2025-06-12,四,6,22,24,27,28,30,4
2025067,2025-06-15,日,1,5,10,17,20,22,5
2025068,2025-06-17,二,5,7,8,19,20,31,7
2025069,2025-06-19,四,2,4,19,23,27,30,5
2025070,2025-06-22,日,2,3,15,21,22,33,6
2025071,2025-06-24,二,1,12,18,23,25,28,7
2025072,2025-06-26,四,2,14,17,25,27,29,5
2025073,2025-06-29,日,2,7,10,27,30,33,11
2025074,2025-07-01,二,3,4,12,20,32,33,13
2025075,2025-07-03,四,10,12,14,19,20,21,15
2025076,2025-07-06,日,2,6,9,12,14,30,8
2025077,2025-07-08,二,4,7,8,15,20,21,15
2025078,2025-07-10,四,6,15,17,30,32,33,14
2025079,2025-07-13,日,8,11,14,15,30,32,5
2025080,2025-07-15,二,3,7,8,10,16,19,5
2025081,2025-07-17,四,3,6,18,20,23,28,5
2025082,2025-07-20,日,4,6,9,14,32,33,11
2025083,2025-07-22,二,10,15,16,17,27,29,12
2025084,2025-07-24,四,6,8,10,14,24,33,15
2025085,2025-07-27,日,11,14,15,18,21,24,13
2025086,2025-07-29,二,2,6,8,10,17,24,6
2025087,2025-07-31,四,2,6,14,15,24,26,8
2025088,2025-08-03,日,1,3,13,18,21,25,6
2025089,2025-08-05,二,4,6,8,18,31,33,5
2025090,2025-08-07,四,6,11,12,21,27,28,15
2025091,2025-08-10,日,3,4,17,19,25,27,14
2025092,2025-08-12,二,2,11,14,17,23,24,12
2025093,2025-08-14,四,9,11,12,24,25,26,10
2025094,2025-08-17,日,11,13,17,19,23,29,16
2025095,2025-08-19,二,15,16,22,23,26,32,4
2025096,2025-08-21,四,7,9,11,12,16,29,15
2025097,2025-08-24,日,3,5,16,23,26,31,14
2025098,2025-08-26,二,5,8,13,17,18,29,2
2025099,2025-08-28,四,9,11,15,17,22,26,14
2025100,2025-08-31,日,12,16,17,25,30,31,16
2025101,2025-09-02,二,5,8,9,10,16,21,5
2025102,2025-09-04,四,4,9,16,17,18,31,7
2025103,2025-09-07,日,13,16,21,25,28,31,16
2025104,2025-09-09,二,2,5,15,16,24,32,16
2025105,2025-09-11,四,4,7,18,24,26,28,8
2025106,2025-09-14,日,4,5,17,22,26,30,4
2025107,2025-09-16,二,2,3,10,15,25,33,13
2025108,2025-09-18,四,1,9,14,17,22,33,7
2025109,2025-09-21,日,5,6,9,17,18,31,3
2025110,2025-09-23,二,1,5,11,14,16,19,8
2025111,2025-09-25,四,9,14,18,28,31,33,12
2025112,2025-09-28,日,3,9,11,13,20,32,2
2025113,2025-09-30,二,8,10,13,15,24,31,16
2025114,2025-10-05,日,1,20,21,25,26,27,10
2025115,2025-10-07,二,2,3,8,19,24,30,2
2025116,2025-10-09,四,2,4,8,24,28,31,9
2025117,2025-10-12,日,6,8,17,20,25,33,10
2025118,2025-10-14,二,1,10,11,16,24,26,3
2025119,2025-10-16,四,6,9,23,26,28,32,11
2025120,2025-10-19,日,1,2,4,7,13,32,7
2025121,2025-10-21,二,6,8,10,25,29,30,8
2025122,2025-10-23,四,16,18,19,20,25,31,13
2025123,2025-10-26,日,7,9,23,24,25,26,10
2025124,2025-10-28,二,1,2,18,19,21,33,13
2025125,2025-10-30,四,3,9,12,13,26,32,9
2025126,2025-11-02,日,2,12,13,16,19,25,10
2025127,2025-11-04,二,3,9,15,17,19,28,3
2025128,2025-11-06,四,2,10,18,19,24,27,1
2025129,2025-11-09,日,3,4,7,13,20,30,3
2025130,2025-11-11,二,1,5,8,14,19,23,6
2025131,2025-11-13,四,3,13,14,18,24,31,3
2025132,2025-11-16,日,4,8,10,21,23,32,11
2025133,2025-11-18,二,5,14,17,19,20,33,7
2025134,2025-11-20,四,3,5,9,13,26,29,12
2025135,2025-11-23,日,1,2,5,9,25,32,10
2025136,2025-11-25,二,8,10,14,23,28,32,12
2025137,2025-11-27,四,2,8,11,23,27,29,5
2025138,2025-11-30,日,10,13,14,23,24,27,15
2025139,2025-12-02,二,2,5,17,22,30,33,6
2025140,2025-12-04,四,1,3,4,12,18,24,5
2025141,2025-12-07,日,2,4,5,10,12,13,6
2025142,2025-12-09,二,2,13,15,23,27,31,16
2025143,2025-12-11,四,2,9,12,13,15,24,3
2025144,2025-12-14,日,1,8,15,20,26,33,13
2025145,2025-12-16,二,11,12,15,18,25,32,14
2025146,2025-12-18,四,5,7,12,24,26,28,2
2025147,2025-12-21,日,1,3,5,8,22,33,8
2025148,2025-12-23,二,3,4,9,10,15,22,16
2025149,2025-12-25,四,1,2,4,6,22,30,10
2025150,2025-12-28,日,6,13,17,19,24,31,8
2025151,2025-12-30,二,8,9,14,22,28,30,4
2026001,2026-01-01,四,2,6,11,12,13,33,15
2026002,2026-01-04,日,1,5,7,18,30,32,2
2026003,2026-01-06,二,5,6,9,21,28,30,16
2026004,2026-01-08,四,3,7,8,9,18,32,10
2026005,2026-01-11,日,1,20,22,27,30,33,10
2026006,2026-01-13,二,2,6,22,23,24,28,15
2026007,2026-01-15,四,9,13,19,27,29,30,1
2026008,2026-01-18,日,6,9,16,27,31,33,10
2026009,2026-01-20,二,3,6,13,19,23,25,10
2026010,2026-01-22,四,4,9,10,15,19,26,12
2026011,2026-01-25,日,2,3,4,20,31,32,4
2026012,2026-01-27,二,3,5,7,16,20,24,8
2026013,2026-01-29,四,4,9,12,13,16,20,1
2026014,2026-02-01,日,7,13,19,22,26,32,1
2026015,2026-02-03,二,7,10,13,22,27,31,12
2026016,2026-02-05,四,4,5,9,10,27,30,13
2026017,2026-02-08,日,1,3,5,18,29,32,4
2026018,2026-02-10,二,11,15,17,22,25,30,7
2026019,2026-02-12,四,7,8,16,17,18,30,1
2026020,2026-02-24,二,1,13,14,21,24,30,2
2026021,2026-02-26,四,3,13,25,26,30,31,4
2026022,2026-03-01,日,15,18,23,25,28,32,11
2026023,2026-03-03,二,1,3,8,10,23,29,6
2026024,2026-03-05,四,1,2,13,21,23,29,14
2026025,2026-03-08,日,2,3,15,20,23,24,10
2026026,2026-03-10,二,2,9,16,22,25,29,3
2026027,2026-03-12,四,2,13,17,18,25,26,13
2026028,2026-03-15,日,2,6,9,17,25,28,15
2026029,2026-03-17,二,6,19,22,23,28,31,5
2026030,2026-03-19,四,10,11,14,19,22,24,4
2026031,2026-03-22,日,3,10,12,13,18,33,8
2026032,2026-03-24,二,1,3,11,18,31,33,2
2026033,2026-03-26,四,3,6,13,21,28,29,6
2026034,2026-03-29,日,1,3,7,13,22,23,7
2026035,2026-03-31,二,2,6,12,24,25,32,2
2026036,2026-04-02,四,6,10,12,15,22,28,8
2026037,2026-04-05,日,11,22,27,29,31,33,12
2026038,2026-04-07,二,1,2,13,23,25,27,5
2026039,2026-04-09,四,8,17,18,21,25,30,5
2026040,2026-04-12,日,3,4,14,22,23,33,4
2026041,2026-04-14,二,2,8,10,17,19,24,13
2026042,2026-04-16,四,2,7,12,19,24,31,10
2026043,2026-04-19,日,6,9,14,16,25,32,16
2026044,2026-04-21,二,2,14,17,18,22,30,1
2026045,2026-04-23,四,4,11,15,17,24,30,15
2026046,2026-04-26,日,2,9,10,24,31,33,16
2026047,2026-04-28,二,7,16,21,24,27,30,7
2026048,2026-04-30,四,9,15,18,24,28,33,1
2026049,2026-05-03,日,3,4,14,15,18,20,2
2026050,2026-05-05,二,6,9,25,27,28,30,3
2026051,2026-05-07,四,9,14,15,16,29,30,10
2026052,2026-05-10,日,1,3,11,22,26,31,11
2026053,2026-05-12,二,1,2,3,8,13,14,2
2026054,2026-05-14,四,13,20,25,29,30,33,2
2026055,2026-05-17,日,4,11,24,25,32,33,13
2026056,2026-05-19,二,10,19,21,22,31,33,5
2026057,2026-05-21,四,1,10,22,24,28,30,7
2026058,2026-05-24,日,1,4,7,21,29,30,1
2026059,2026-05-26,二,8,16,26,28,29,30,15
2026060,2026-05-28,四,7,9,10,16,22,27,11
2026061,2026-05-31,日,1,4,5,15,23,28,7
2026062,2026-06-02,二,2,4,7,14,28,29,9
2026063,2026-06-04,四,2,8,25,28,30,31,2
2026064,2026-06-07,日,1,9,15,18,29,33,15
2026065,2026-06-09,二,7,8,16,24,30,32,2
2026066,2026-06-11,四,5,11,21,23,24,29,16
2026067,2026-06-14,日,4,19,27,29,30,32,13
2026068,2026-06-16,二,3,5,16,18,29,32,4
2026069,2026-06-18,四,12,14,16,17,18,32,8
2026070,2026-06-21,日,3,6,8,14,26,27,8
2026071,2026-06-23,二,3,8,19,25,31,33,5
2026072,2026-06-25,四,7,8,12,15,17,21,1
2026073,2026-06-28,日,9,10,13,16,19,21,8
2026074,2026-06-30,二,2,23,24,26,28,32,4
2026075,2026-07-02,四,8,12,18,21,24,30,1
2026076,2026-07-05,日,1,3,19,20,24,25,7
2026077,2026-07-07,二,1,4,5,14,18,25,4
2026078,2026-07-09,四,7,11,14,16,27,28,6
2026079,2026-07-12,日,1,11,17,22,24,29,4
2026080,2026-07-14,二,4,5,11,19,27,32,1
2026081,2026-07-16,四,6,10,12,15,24,27,12
2026082,2026-07-19,日,5,7,10,14,21,28,4
2026083,2026-07-21,二,7,14,15,23,28,33,3
2026084,2026-07-23,四,1,5,6,10,12,16,5
2026085,2026-07-26,日,6,9,13,17,24,28,15
2026086,2026-07-28,二,2,5,14,25,30,32,5
2026087,2026-07-30,四,4,6,10,18,23,31,11
2026088,2026-08-02,日,6,7,11,18,22,33,5
2026089,2026-08-04,二,5,18,23,24,27,33,3
2026090,2026-08-06,四,2,4,15,23,25,27,3
